"pitch_type","game_date","release_speed","release_pos_x","release_pos_z","player_name","batter","pitcher","events","description","spin_dir","spin_rate_deprecated","break_angle_deprecated","break_length_deprecated","zone","des","game_type","stand","p_throws","home_team","away_team","type","hit_location","bb_type","balls","strikes","game_year","pfx_x","pfx_z","plate_x","plate_z","on_3b","on_2b","on_1b","outs_when_up","inning","inning_topbot","hc_x","hc_y","tfs_deprecated","tfs_zulu_deprecated","umpire","sv_id","vx0","vy0","vz0","ax","ay","az","sz_top","sz_bot","hit_distance_sc","launch_speed","launch_angle","effective_speed","release_spin_rate","release_extension","game_pk","fielder_2","fielder_3","fielder_4","fielder_5","fielder_6","fielder_7","fielder_8","fielder_9","release_pos_y","estimated_ba_using_speedangle","estimated_woba_using_speedangle","woba_value","woba_denom","babip_value","iso_value","launch_speed_angle","at_bat_number","pitch_number","pitch_name","home_score","away_score","bat_score","fld_score","post_away_score","post_home_score","post_bat_score","post_fld_score","if_fielding_alignment","of_fielding_alignment","spin_axis","delta_home_win_exp","delta_run_exp","bat_speed","swing_length","estimated_slg_using_speedangle","delta_pitcher_run_exp","hyper_speed","home_score_diff","bat_score_diff","home_win_exp","bat_win_exp","age_pit_legacy","age_bat_legacy","age_pit","age_bat","n_thruorder_pitcher","n_priorpa_thisgame_player_at_bat","pitcher_days_since_prev_game","batter_days_since_prev_game","pitcher_days_until_next_game","batter_days_until_next_game","api_break_z_with_gravity","api_break_x_arm","api_break_x_batter_in","arm_angle","attack_angle","attack_direction","swing_path_tilt","intercept_ball_minus_batter_pos_x_inches","intercept_ball_minus_batter_pos_y_inches"
"SL","2024-07-25","91.4","-1.22","6.07","Cease, Dylan",682928,656302,"field_out","hit_into_play",,,,,7,"CJ Abrams lines out to right fielder Bryce Johnson.","R","L","R","WSH","SD","X",9,"line_drive",1,0,2024,"0","0.25","-0.42","1.8",,,,2,9,"Bot",193.23,107.02,,,,,2.0317569932106814,-133.14855729235416,-5.460821448909429,-0.4573961180765284,26.560783496145643,-28.32556130071186,"3.54","1.6",282,"82.6",22,"91.7",2764,"6.3",744827,669134,630105,593428,456781,673490,595777,701538,669369,"54.22",0.503,0.466,"0",1,0,0,4,62,2,"Slider",0,3,0,3,3,0,0,3,"Standard","Standard",59,"-0.005","-0.295","70.8","8.2",0.588,"0.295","88.0",-3,-3,"0.005","0.005",28,23,29,24,4,3,5,1,6,1,"2.46","0","0","49.8",11.683355987093623,-12.497526020218727,26.912732737833334,44.18600546932006,38.63137967465542
"SL","2024-07-25","90.1","-1.14","5.93","Cease, Dylan",682928,656302,,"ball",,,,,14,"CJ Abrams lines out to right fielder Bryce Johnson.","R","L","R","WSH","SD","B",,,0,0,2024,"0.11","0.21","1.5","0.67",,,,2,9,"Bot",,,,,,,6.360202838596192,-131.02281947984176,-7.6273918384147805,0.0251547748795411,25.841601541348563,-28.379354088723407,"3.48","1.59",,,,"90.7",2855,"6.6",744827,669134,630105,593428,456781,673490,595777,701538,669369,"53.93",,,,,,,,62,1,"Slider",0,3,0,3,3,0,0,3,"Standard","Standard",71,"0","0.04",,,,"-0.04",,-3,-3,"0.005","0.005",28,23,29,24,4,3,5,1,6,1,"2.58","-0.11","0.11","48.3",,,,,
"SL","2024-07-25","91.5","-0.76","6.14","Cease, Dylan",696285,656302,"field_out","hit_into_play",,,,,9,"Jacob Young grounds out, shortstop Ha-Seong Kim to first baseman Jake Cronenworth.","R","R","R","WSH","SD","X",6,"ground_ball",0,0,2024,"-0.07","0.33","0.56","2.04",,,,1,9,"Bot",106.08,152.42,,,,,3.4744518956972485,-133.154714842059,-5.208552538629212,-1.5178758731864455,27.747636403337125,-27.340530316896455,"3.35","1.52",45,"75.1",1,"91.7",2866,"6.4",744827,669134,630105,593428,456781,673490,595777,701538,669369,"54.14",0.123,0.134,"0",1,0,0,2,61,1,"Slider",0,3,0,3,3,0,0,3,"Standard","Standard",111,"-0.012","-0.256","66.9","7.6",0.14,"0.256","88.0",-3,-3,"0.017","0.017",28,24,29,25,3,2,5,1,6,1,"2.38","0.07","0.07","52.5",12.913166871865746,0.6134861158701626,31.50554080495849,46.3110551513364,33.89554376502086
"SL","2024-07-25","90.6","-1.13","6","Cease, Dylan",545121,656302,"field_out","hit_into_play",,,,,14,"Ildemaro Vargas grounds out softly, second baseman Xander Bogaerts to first baseman Jake Cronenworth.","R","L","R","WSH","SD","X",4,"ground_ball",2,2,2024,"0.14","0.24","0.48","1",,,,0,9,"Bot",147.29,157.5,,,,,3.7084999442421616,-131.7938790243041,-7.097386594547683,0.8949977126799268,26.582398117024418,-28.08612174474902,"3.33","1.53",2,"59.9",-26,"90.9",2784,"6.4",744827,669134,630105,593428,456781,673490,595777,701538,669369,"54.14",0.06,0.054,"0",1,0,0,2,60,8,"Slider",0,3,0,3,3,0,0,3,"Standard","Standard",131,"-0.021","-0.227","48.8","7.1",0.061,"0.227","88.0",-3,-3,"0.038","0.038",28,32,29,33,3,2,5,4,6,3,"2.52","-0.14","0.14","51.2",-4.309402007081234,4.017628693206249,34.87232522020199,29.440763705545486,16.728000277692328
"FF","2024-07-25","99.6","-0.92","6.22","Cease, Dylan",545121,656302,,"foul",,,,,12,"Ildemaro Vargas grounds out softly, second baseman Xander Bogaerts to first baseman Jake Cronenworth.","R","L","R","WSH","SD","S",,,2,2,2024,"-0.02","1.34","1.01","2.46",,,,0,9,"Bot",,,,,,,5.348410291741916,-144.85824345516144,-8.11625029832761,-1.4227049802111473,31.766467152602633,-11.647023745391817,"3.33","1.53",4,"79.7",-35,"100.1",2630,"6.5",744827,669134,630105,593428,456781,673490,595777,701538,669369,"54.04",,,,,,,,60,7,"4-Seam Fastball",0,3,0,3,3,0,0,3,"Infield shade","Standard",188,"0","0","65.4","6.6",,"0","88.0",-3,-3,"0.038","0.038",28,32,29,33,3,2,5,4,6,3,"0.95","0.02","-0.02","55.1",2.721677910811953,0.5453071823439214,29.470674826261956,22.6374412685637,22.37823388063231
"SL","2024-07-25","89.7","-1.11","5.94","Cease, Dylan",545121,656302,,"foul",,,,,9,"Ildemaro Vargas grounds out softly, second baseman Xander Bogaerts to first baseman Jake Cronenworth.","R","L","R","WSH","SD","S",,,2,2,2024,"-0.04","0.32","0.34","1.48",,,,0,9,"Bot",,,,,,,3.691005271896568,-130.68579504761598,-5.819760766904066,-1.0703134830319119,23.461247813482508,-27.650073382617975,"3.33","1.53",49,"70.4",81,"90.7",2842,"6.5",744827,669134,630105,593428,456781,673490,595777,701538,669369,"54.03",,,,,,,,60,6,"Slider",0,3,0,3,3,0,0,3,"Standard","Standard",103,"0","0","69.6","8.1",,"0","88.0",-3,-3,"0.038","0.038",28,32,29,33,3,2,5,4,6,3,"2.48","0.04","-0.04","47.5",12.09874961955678,-28.88948391586383,29.633876256857103,30.412920442122555,36.85601211050343
"SL","2024-07-25","89.9","-0.9","6","Cease, Dylan",545121,656302,,"ball",,,,,14,"Ildemaro Vargas grounds out softly, second baseman Xander Bogaerts to first baseman Jake Cronenworth.","R","L","R","WSH","SD","B",,,1,2,2024,"0","0.39","0.45","0.08",,,,0,9,"Bot",,,,,,,3.366269416453952,-130.7334907188076,-9.592043010514255,-0.6090007779969642,24.182845953050126,-26.082186674740836,"3.26","1.45",,,,"90.6",2936,"6.5",744827,669134,630105,593428,456781,673490,595777,701538,669369,"54.03",,,,,,,,60,5,"Slider",0,3,0,3,3,0,0,3,"Infield shade","Standard",90,"0","0.04",,,,"-0.04",,-3,-3,"0.038","0.038",28,32,29,33,3,2,5,4,6,3,"2.41","0","0","49.4",,,,,
"SL","2024-07-25","89.2","-1.09","5.98","Cease, Dylan",545121,656302,,"foul",,,,,13,"Ildemaro Vargas grounds out softly, second baseman Xander Bogaerts to first baseman Jake Cronenworth.","R","L","R","WSH","SD","S",,,1,2,2024,"0.2","0.23","-0.17","1.3",,,,0,9,"Bot",,,,,,,1.844638225720945,-130.00075253459568,-6.0515854260325055,1.9259283793671453,24.525455501371866,-28.58497704035187,"3.33","1.53",0,"68.1",-69,"89.8",2877,"6.4",744827,669134,630105,593428,456781,673490,595777,701538,669369,"54.14",,,,,,,,60,4,"Slider",0,3,0,3,3,0,0,3,"Standard","Standard",122,"0","0","55.4","6.9",,"0","88.0",-3,-3,"0.038","0.038",28,32,29,33,3,2,5,4,6,3,"2.6","-0.2","0.2","47.8",-12.20638443610528,13.909958941580161,29.269135921840107,36.66801386499542,10.828530900909772
"FF","2024-07-25","98.8","-0.89","6.16","Cease, Dylan",545121,656302,,"foul",,,,,3,"Ildemaro Vargas grounds out softly, second baseman Xander Bogaerts to first baseman Jake Cronenworth.","R","L","R","WSH","SD","S",,,1,1,2024,"-0.42","1.45","0.53","2.83",,,,0,9,"Bot",,,,,,,4.867077180559492,-143.76422611240807,-7.064042353677039,-6.84393816161679,30.831212961412024,-10.579041609305802,"3.33","1.53",217,"72.3",26,"99.3",2593,"6.4",744827,669134,630105,593428,456781,673490,595777,701538,669369,"54.09",,,,,,,,60,3,"4-Seam Fastball",0,3,0,3,3,0,0,3,"Standard","Standard",188,"0","-0.056","62.2","5.7",,"0.056","88.0",-3,-3,"0.038","0.038",28,32,29,33,3,2,5,4,6,3,"0.87","0.42","-0.42","55.9",-10.915260679559259,20.084621800982223,27.071111878717105,27.338520769648543,13.873365545904344
"SL","2024-07-25","90.1","-1.27","5.99","Cease, Dylan",545121,656302,,"foul",,,,,14,"Ildemaro Vargas grounds out softly, second baseman Xander Bogaerts to first baseman Jake Cronenworth.","R","L","R","WSH","SD","S",,,1,0,2024,"0.2","-0.18","0.1","1.28",,,,0,9,"Bot",,,,,,,2.9792115706380873,-131.19257853222072,-5.3961105998833245,1.682010514313784,26.0609818288809,-33.3877334477313,"3.33","1.53",,,,"90.3",2894,"6.3",744827,669134,630105,593428,456781,673490,595777,701538,669369,"54.24",,,,,,,,60,2,"Slider",0,3,0,3,3,0,0,3,"Standard","Standard",55,"0","-0.049","73.5","8.1",,"0.049",,-3,-3,"0.038","0.038",28,32,29,33,3,2,5,4,6,3,"2.97","-0.2","0.2","49.9",10.361061573841239,-19.182312884091207,30.30161625800732,33.20990020354462,32.45823104985077
"SL","2024-07-25","90.1","-0.84","5.99","Cease, Dylan",545121,656302,,"ball",,,,,14,"Ildemaro Vargas grounds out softly, second baseman Xander Bogaerts to first baseman Jake Cronenworth.","R","L","R","WSH","SD","B",,,0,0,2024,"0.26","0.09","0.94","0.38",,,,0,9,"Bot",,,,,,,3.8768024908694505,-131.09328392113412,-8.230292932518738,2.219519375796053,25.430513897574745,-29.75086864340459,"3.36","1.43",,,,"90.6",2683,"6.4",744827,669134,630105,593428,456781,673490,595777,701538,669369,"54.09",,,,,,,,60,1,"Slider",0,3,0,3,3,0,0,3,"Standard","Standard",113,"0","0.038",,,,"-0.038",,-3,-3,"0.038","0.038",28,32,29,33,3,2,5,4,6,3,"2.7","-0.26","0.26","52.3",,,,,
"FF","2024-07-25","99.1","-0.89","6.18","Cease, Dylan",671277,656302,"field_out","hit_into_play",,,,,5,"Luis García Jr. grounds out, shortstop Ha-Seong Kim to first baseman Jake Cronenworth.","R","L","R","WSH","SD","X",6,"ground_ball",1,1,2024,"-0.34","1.23","0.11","2.81",,,,2,8,"Bot",118.27,146.32,,,,,3.5450195261973745,-144.2284521714449,-6.703653438247102,-5.5983651385032775,31.6352186751715,-13.59102616942301,"3.49","1.68",15,"104.7",-10,"99.4",2542,"6.3",744827,669134,630105,593428,456781,673490,595777,701538,669369,"54.18",0.326,0.284,"0",1,0,0,2,55,3,"4-Seam Fastball",0,3,0,3,3,0,0,3,"Standard","Standard",183,"-0.008","-0.244","68.7","6.4",0.355,"0.244","104.7",-3,-3,"0.039","0.039",28,24,29,24,3,2,5,1,6,1,"1.08","0.34","-0.34","54.5",-1.4591587106137134,17.28546979444376,25.98302339193078,37.40897284100225,20.363973017698918
"KC","2024-07-25","85.2","-0.99","6.06","Cease, Dylan",671277,656302,,"swinging_strike",,,,,13,"Luis García Jr. grounds out, shortstop Ha-Seong Kim to first baseman Jake Cronenworth.","R","L","R","WSH","SD","S",,,1,0,2024,"0.03","-1.3","-0.4","0.24",,,,2,8,"Bot",,,,,,,1.3302455361295944,-124.0748118370174,-4.732427091060882,0.05432029345329326,25.93943020608049,-44.777234046348156,"3.49","1.68",,,,"85.4",2784,"6.5",744827,669134,630105,593428,456781,673490,595777,701538,669369,"54.02",,,,,,,,55,2,"Knuckle Curve",0,3,0,3,3,0,0,3,"Standard","Standard",31,"0","-0.051","75.9","8.6",,"0.051",,-3,-3,"0.039","0.039",28,24,29,24,3,2,5,1,6,1,"4.44","-0.03","0.03","54.9",19.385920080764016,-22.059298018814463,33.92120055243682,43.03999094318407,46.24043126455109
"KC","2024-07-25","86.1","-0.82","6.08","Cease, Dylan",671277,656302,,"ball",,,,,14,"Luis García Jr. grounds out, shortstop Ha-Seong Kim to first baseman Jake Cronenworth.","R","L","R","WSH","SD","B",,,0,0,2024,"-0.06","-1.08","0.46","1.34",,,,2,8,"Bot",,,,,,,3.1691068645867735,-125.4008054719595,-2.837851215962803,-1.244400260923535,25.792569615720026,-43.1496734152081,"3.52","1.67",,,,"86.3",2807,"6.4",744827,669134,630105,593428,456781,673490,595777,701538,669369,"54.08",,,,,,,,55,1,"Knuckle Curve",0,3,0,3,3,0,0,3,"Standard","Standard",32,"0","0.04",,,,"-0.04",,-3,-3,"0.039","0.039",28,24,29,24,3,2,5,1,6,1,"4.15","0.06","-0.06","52.4",,,,,
"SL","2024-07-25","90.3","-1.09","6.05","Cease, Dylan",660688,656302,"field_out","hit_into_play",,,,,7,"Keibert Ruiz grounds out, second baseman Xander Bogaerts to first baseman Jake Cronenworth.","R","L","R","WSH","SD","X",4,"ground_ball",0,0,2024,"0.03","0.22","-0.54","1.53",,,,1,8,"Bot",155.32,151.91,,,,,1.3251938398033016,-131.546449051595,-5.837454601258113,0.06441227141602446,26.81461365560781,-28.580238955908,"3.37","1.57",13,"103",-6,"90.6",2789,"6.3",744827,669134,630105,593428,456781,673490,595777,701538,669369,"54.17",0.36,0.279,"0",1,0,0,2,54,1,"Slider",0,3,0,3,3,0,0,3,"Standard","Standard",110,"-0.015","-0.256","72.3","7.2",0.408,"0.256","103.0",-3,-3,"0.054","0.054",28,25,29,26,3,2,5,2,6,1,"2.56","-0.03","0.03","50.3",5.96874733109364,-3.948664937722237,35.596448795572705,37.38451758143877,37.686628245820216
"SL","2024-07-25","90.3","-1.23","5.96","Cease, Dylan",695578,656302,"strikeout","swinging_strike",,,,,4,"James Wood strikes out swinging.","R","L","R","WSH","SD","S",2,,2,2,2024,"-0.05","0.23","-0.6","2.73",,,,0,8,"Bot",,,,,,,1.6821741862980013,-131.6204774220096,-2.6148312856534996,-0.97722383699214,26.989605613787223,-29.180114218048164,"3.86","1.78",,,,"90.6",2735,"6.3",744827,669134,630105,593428,456781,673490,595777,701538,669369,"54.22",,0,"0",1,0,0,,53,5,"Slider",0,3,0,3,3,0,0,3,"Infield shade","Standard",117,"-0.025","-0.227","67.1","6.3",,"0.227",,-3,-3,"0.079","0.079",28,21,29,22,3,2,5,1,6,1,"2.55","0.05","-0.05","44.1",-14.32237302238181,30.99644232004852,37.45691339792846,44.63563900380774,6.611233145357844
"FF","2024-07-25","99.2","-1.01","6.17","Cease, Dylan",695578,656302,,"swinging_strike",,,,,11,"James Wood strikes out swinging.","R","L","R","WSH","SD","S",,,2,1,2024,"-0.04","1.38","-0.26","4.03",,,,0,8,"Bot",,,,,,,2.164320473726994,-144.4511443484819,-3.679764068336174,-1.0400055269709902,32.64831421425211,-12.211778693020294,"3.86","1.78",,,,"99.6",2636,"6.4",744827,669134,630105,593428,456781,673490,595777,701538,669369,"54.08",,,,,,,,53,4,"4-Seam Fastball",0,3,0,3,3,0,0,3,"Infield shade","Standard",190,"0","-0.069","74.7","6.2",,"0.069",,-3,-3,"0.079","0.079",28,21,29,22,3,2,5,1,6,1,"0.93","0.04","-0.04","52.5",-0.516553945259732,25.212743248901415,29.292481853788267,40.52400664823039,16.397034788457514
"FF","2024-07-25","98.3","-0.96","6.15","Cease, Dylan",695578,656302,,"called_strike",,,,,1,"James Wood strikes out swinging.","R","L","R","WSH","SD","S",,,2,0,2024,"-0.18","1.43","-0.78","3.11",,,,0,8,"Bot",,,,,,,0.9100438847150426,-143.20284567877675,-6.147743660194867,-2.6910662758206394,31.404535038081136,-11.235938662903358,"3.73","1.69",,,,"98.8",2615,"6.4",744827,669134,630105,593428,456781,673490,595777,701538,669369,"54.08",,,,,,,,53,3,"4-Seam Fastball",0,3,0,3,3,0,0,3,"Infield shade","Standard",189,"0","-0.065",,,,"0.065",,-3,-3,"0.079","0.079",28,21,29,22,3,2,5,1,6,1,"0.91","0.18","-0.18","50.6",,,,,
"FF","2024-07-25","97.9","-0.91","6.22","Cease, Dylan",695578,656302,,"ball",,,,,9,"James Wood strikes out swinging.","R","L","R","WSH","SD","B",,,1,0,2024,"-0.06","1.34","0.37","2.02",,,,0,8,"Bot",,,,,,,3.60700769835534,-142.3492399503,-8.95697691325157,-1.5668050755895477,30.372762921658794,-12.081462843046461,"3.62","1.64",,,,"98.2",2640,"6.3",744827,669134,630105,593428,456781,673490,595777,701538,669369,"54.17",,,,,,,,53,2,"4-Seam Fastball",0,3,0,3,3,0,0,3,"Infield shade","Standard",181,"0","0.069",,,,"-0.069",,-3,-3,"0.079","0.079",28,21,29,22,3,2,5,1,6,1,"1.02","0.06","-0.06","56.0",,,,,
"FF","2024-07-25","98.8","-1.06","6.23","Cease, Dylan",695578,656302,,"ball",,,,,11,"James Wood strikes out swinging.","R","L","R","WSH","SD","B",,,0,0,2024,"-0.34","1.21","-0.55","4.53",,,,0,8,"Bot",,,,,,,2.1879560952197434,-143.99364575147123,-2.075564645052402,-5.228356289712775,31.165437177997248,-14.985727844166673,"3.64","1.66",,,,"99.3",2585,"6.4",744827,669134,630105,593428,456781,673490,595777,701538,669369,"54.15",,,,,,,,53,1,"4-Seam Fastball",0,3,0,3,3,0,0,3,"Infield shade","Standard",192,"0","0.038",,,,"-0.038",,-3,-3,"0.079","0.079",28,21,29,22,3,2,5,1,6,1,"1.1","0.34","-0.34","55.8",,,,,
"SL","2024-07-25","92.1","-1.16","6.04","Cease, Dylan",660766,656302,"field_out","hit_into_play",,,,,9,"Juan Yepez grounds out, third baseman Donovan Solano to first baseman Jake Cronenworth.","R","R","R","WSH","SD","X",5,"ground_ball",1,1,2024,"0.15","0.26","0.65","2.04",,682928,,2,7,"Bot",102.53,162.09,,,,,4.275618039619964,-134.0718545828464,-4.939888330978079,0.933315795273181,26.63342787171233,-28.24954061677199,"3.45","1.68",4,"71.7",-28,"92.5",2822,"6.3",744827,669134,630105,593428,456781,673490,595777,701538,669369,"54.16",0.046,0.048,"0",1,0,0,2,49,3,"Slider",0,3,0,3,3,0,0,3,"Standard","Standard",149,"-0.031","-0.271","68.8","8.0",0.052,"0.271","88.0",-3,-3,"0.096","0.096",28,26,29,26,3,2,5,1,6,1,"2.41","-0.15","-0.15","54.3",8.901414371496259,-7.779514215600648,25.298210079872817,41.5760201773671,32.95029459579959
"SL","2024-07-25","91.2","-1.13","5.96","Cease, Dylan",660766,656302,,"swinging_strike",,,,,14,"Juan Yepez grounds out, third baseman Donovan Solano to first baseman Jake Cronenworth.","R","R","R","WSH","SD","S",,,1,0,2024,"0.04","0.27","0.41","0.91",,682928,,2,7,"Bot",,,,,,,3.783276365766163,-132.67203401447566,-7.427199885706813,-0.2538421193309125,25.999862149216156,-27.708045103495248,"3.45","1.68",,,,"91.4",2823,"6.2",744827,669134,630105,593428,456781,673490,595777,701538,669369,"54.27",,,,,,,,49,2,"Slider",0,3,0,3,3,0,0,3,"Standard","Standard",161,"0","-0.043","74.9","8.7",,"0.043",,-3,-3,"0.096","0.096",28,26,29,26,3,2,5,1,6,1,"2.45","-0.04","-0.04","47.0",19.52936222041119,-25.242607274229695,36.07553364700776,39.116642508116726,42.417998429711645
"SL","2024-07-25","90.8","-1.05","6.03","Cease, Dylan",660766,656302,,"ball",,,,,14,"Juan Yepez grounds out, third baseman Donovan Solano to first baseman Jake Cronenworth.","R","R","R","WSH","SD","B",,,0,0,2024,"0.16","0.3","0.9","1.16",,682928,,2,7,"Bot",,,,,,,4.553726706941182,-132.25100209117645,-7.018300860668642,0.9989356128246791,24.492960748762325,-27.5324967496771,"3.53","1.6",,,,"91.7",2789,"6.5",744827,669134,630105,593428,456781,673490,595777,701538,669369,"54",,,,,,,,49,1,"Slider",0,3,0,3,3,0,0,3,"Standard","Standard",148,"0","0.014",,,,"-0.014",,-3,-3,"0.096","0.096",28,26,29,26,3,2,5,1,6,1,"2.43","-0.16","-0.16","52.3",,,,,
"SL","2024-07-25","90.2","-1.58","5.79","Cease, Dylan",608385,656302,"field_out","hit_into_play",,,,,8,"Jesse Winker flies out to left fielder Jurickson Profar.","R","L","R","WSH","SD","X",7,"fly_ball",1,2,2024,"0.03","0.35","0.13","1.55",,682928,,1,7,"Bot",57.04,123.61,,,,,4.191627967383,-131.2558356472247,-5.382036323160017,-0.4792452355978151,26.23628051536936,-27.172370501637197,"3.46","1.63",254,"83.9",46,"90.6",2730,"6.4",744827,669134,630105,593428,456781,673490,595777,701538,669369,"54.07",0.006,0.007,"0",1,0,0,3,48,4,"Slider",0,3,0,3,3,0,0,3,"Infield shade","Standard",182,"-0.038","-0.185","65.8","7.5",0.013,"0.185","88.0",-3,-3,"0.134","0.134",28,30,29,31,3,2,5,1,6,1,"2.43","-0.03","0.03","38.9",7.042520011228506,4.095333529621103,35.676511385150384,35.680271100355455,28.528733849269308
"SL","2024-07-25","90.9","-1.29","5.79","Cease, Dylan",608385,656302,,"ball",,,,,14,"Jesse Winker flies out to left fielder Jurickson Profar.","R","L","R","WSH","SD","B",,,0,2,2024,"-0.03","0.3","1.51","0.86",,682928,,1,7,"Bot",,,,,,,7.118507462275731,-132.23635696168424,-7.208681258210666,-1.631573429557744,23.552521193933316,-27.436275694860505,"3.37","1.59",,,,"92",2787,"6.6",744827,669134,630105,593428,456781,673490,595777,701538,669369,"53.92",,,,,,,,48,3,"Slider",0,3,0,3,3,0,0,3,"Infield shade","Standard",160,"0","0.024",,,,"-0.024",,-3,-3,"0.134","0.134",28,30,29,31,3,2,5,1,6,1,"2.42","0.03","-0.03","41.3",,,,,
"FF","2024-07-25","97.7","-1.36","6.14","Cease, Dylan",608385,656302,,"foul",,,,,5,"Jesse Winker flies out to left fielder Jurickson Profar.","R","L","R","WSH","SD","S",,,0,1,2024,"-0.43","1.08","0.24","2.85",,682928,,1,7,"Bot",,,,,,,5.312108569233136,-142.20701110641807,-5.895030871864114,-6.963576653271683,29.111064577603695,-16.429839033597926,"3.46","1.63",124,"81.1",17,"98.3",2477,"6.4",744827,669134,630105,593428,456781,673490,595777,701538,669369,"54.15",,,,,,,,48,2,"4-Seam Fastball",0,3,0,3,3,0,0,3,"Standard","Standard",194,"0","-0.065","66.7","6.0",,"0.065","88.0",-3,-3,"0.134","0.134",28,30,29,31,3,2,5,1,6,1,"1.29","0.43","-0.43","47.8",-5.1550446964679795,35.266623677341876,33.97487237744729,34.39647670982096,12.30143892269864
"KC","2024-07-25","84.1","-1.13","5.9","Cease, Dylan",608385,656302,,"called_strike",,,,,6,"Jesse Winker flies out to left fielder Jurickson Profar.","R","L","R","WSH","SD","S",,,0,0,2024,"0.32","-1.06","0.71","2.23",,682928,,1,7,"Bot",,,,,,,3.6547985646099956,-122.49906034322537,-0.028019412008574385,2.501261835242732,23.25888870789182,-43.129013615230065,"3.52","1.59",,,,"84.6",2675,"6.5",744827,669134,630105,593428,456781,673490,595777,701538,669369,"54.02",,,,,,,,48,1,"Knuckle Curve",0,3,0,3,3,0,0,3,"Infield shade","Standard",26,"0","-0.036",,,,"0.036",,-3,-3,"0.134","0.134",28,30,29,31,3,2,5,1,6,1,"4.27","-0.32","0.32","48.4",,,,,
"SL","2024-07-25","88.7","-0.97","6.09","Cease, Dylan",657041,656302,"field_out","hit_into_play",,,,,5,"Lane Thomas grounds out softly, third baseman Donovan Solano to first baseman Jake Cronenworth. CJ Abrams to 2nd.","R","R","R","WSH","SD","X",5,"ground_ball",1,1,2024,"0.08","0.28","0.26","2.51",,,682928,0,7,"Bot",103.37,167.39,,,,,2.857430057045251,-129.2386970817085,-3.335014800902015,0.31921504162767933,24.7812039960566,-28.54374604061626,"3.12","1.46",2,"54.3",-53,"89.2",2669,"6.3",744827,669134,630105,593428,456781,673490,595777,701538,669369,"54.15",0.234,0.253,"0",1,0,0,1,47,3,"Slider",0,3,0,3,3,0,0,3,"Standard","Standard",123,"-0.031","-0.345","67.7","6.5",0.241,"0.345","88.0",-3,-3,"0.165","0.165",28,28,29,29,3,2,5,1,6,1,"2.59","-0.08","-0.08","50.5",8.561404903746578,5.5326029596000215,24.05106492297891,39.39778814481434,21.137110316547407
"SL","2024-07-25","90.3","-0.9","6.02","Cease, Dylan",657041,656302,,"swinging_strike",,,,,9,"Lane Thomas grounds out softly, third baseman Donovan Solano to first baseman Jake Cronenworth. CJ Abrams to 2nd.","R","R","R","WSH","SD","S",,,1,0,2024,"0.22","0.33","0.78","1.86",,,682928,0,7,"Bot",,,,,,,3.7279970001185863,-131.5060560303149,-5.2039042152094,1.82630745812928,24.60474201607439,-27.47163917078845,"3.12","1.46",,,,"91",2669,"6.4",744827,669134,630105,593428,456781,673490,595777,701538,669369,"54.1",,,,,,,,47,2,"Slider",0,3,0,3,3,0,0,3,"Standard","Standard",144,"0","-0.049","68.7","7.5",,"0.049",,-3,-3,"0.165","0.165",28,28,29,29,3,2,5,1,6,1,"2.43","-0.22","-0.22","51.2",17.900054127234963,-15.169408713813164,26.397008109894227,46.62072430706931,35.6760755619563
"SL","2024-07-25","89.1","-0.86","6.11","Cease, Dylan",657041,656302,,"blocked_ball",,,,,14,"Lane Thomas grounds out softly, third baseman Donovan Solano to first baseman Jake Cronenworth. CJ Abrams to 2nd.","R","R","R","WSH","SD","B",,,0,0,2024,"-0.02","0.31","0.46","-0.54",,,682928,0,7,"Bot",,,,,,,3.2889443714035953,-129.38270366844296,-10.922120552999338,-0.8992648203990589,27.05126117729297,-26.593606246501487,"3.24","1.47",,,,"89.1",2813,"6.4",744827,669134,630105,593428,456781,673490,595777,701538,669369,"54.1",,,,,,,,47,1,"Slider",0,3,0,3,3,0,0,3,"Standard","Standard",150,"0","0.042",,,,"-0.042",,-3,-3,"0.165","0.165",28,28,29,29,3,2,5,1,6,1,"2.57","0.02","0.02","52.5",,,,,
"FF","2024-07-25","97.9","-1","6.17","Cease, Dylan",682928,656302,"walk","ball",,,,,13,"CJ Abrams walks.","R","L","R","WSH","SD","B",,,3,2,2024,"-0.15","1.37","-1.55","2.41",,,,0,7,"Bot",,,,,,,-1.1493140915833449,-142.5814668634502,-7.884866904012561,-1.8231899390620558,29.970751628733495,-11.928528203268208,"3.43","1.59",,,,"98.6",2617,"6.4",744827,669134,630105,593428,456781,673490,595777,701538,669369,"54.08",,0.689131,"0.7",1,0,0,,46,6,"4-Seam Fastball",0,3,0,3,3,0,0,3,"Infield shade","Standard",191,"0.047","0.371",,,,"-0.371",,-3,-3,"0.118","0.118",28,23,29,24,3,2,5,1,6,1,"0.99","0.15","-0.15","52.7",,,,,
"FF","2024-07-25","100.1","-0.89","6.28","Cease, Dylan",682928,656302,,"ball",,,,,12,"CJ Abrams walks.","R","L","R","WSH","SD","B",,,2,2,2024,"-0.03","1.42","0.36","4.54",,,,0,7,"Bot",,,,,,,3.515660449523761,-145.83490362126648,-2.845143138171679,-1.0994328861417886,30.321635624130263,-11.31466900225475,"3.45","1.64",,,,"100.8",2646,"6.3",744827,669134,630105,593428,456781,673490,595777,701538,669369,"54.17",,,,,,,,46,5,"4-Seam Fastball",0,3,0,3,3,0,0,3,"Infield shade","Standard",191,"0","0.107",,,,"-0.107",,-3,-3,"0.118","0.118",28,23,29,24,3,2,5,1,6,1,"0.83","0.03","-0.03","54.6",,,,,
"KC","2024-07-25","86.8","-0.93","6.03","Cease, Dylan",682928,656302,,"ball",,,,,14,"CJ Abrams walks.","R","L","R","WSH","SD","B",,,1,2,2024,"0.07","-0.79","0.89","0.41",,,,0,7,"Bot",,,,,,,4.235621482490795,-126.35675201187911,-5.709362583446605,-0.04889677669816106,23.76795089035957,-39.823916792081185,"3.49","1.63",,,,"87.4",2736,"6.5",744827,669134,630105,593428,456781,673490,595777,701538,669369,"54.01",,,,,,,,46,4,"Knuckle Curve",0,3,0,3,3,0,0,3,"Infield shade","Standard",22,"0","0.04",,,,"-0.04",,-3,-3,"0.118","0.118",28,23,29,24,3,2,5,1,6,1,"3.8","-0.07","0.07","54.3",,,,,
"FF","2024-07-25","97.7","-0.97","6.2","Cease, Dylan",682928,656302,,"foul",,,,,5,"CJ Abrams walks.","R","L","R","WSH","SD","S",,,1,1,2024,"0.1","1.33","0.14","2.55",,,,0,7,"Bot",,,,,,,2.755206529392312,-142.2037389245063,-7.413127824038565,0.7110815901701965,32.21250025891994,-12.657422256421611,"3.54","1.6",278,"83.1",30,"97.8",2624,"6.3",744827,669134,630105,593428,456781,673490,595777,701538,669369,"54.19",,,,,,,,46,3,"4-Seam Fastball",0,3,0,3,3,0,0,3,"Standard","Standard",184,"0","-0.056","67.7","6.5",,"0.056","88.0",-3,-3,"0.118","0.118",28,23,29,24,3,2,5,1,6,1,"1.06","-0.1","0.1","49.4",0.18254666919198925,21.436044071852503,30.951646552305707,36.45219908810993,16.340721925996558
"FF","2024-07-25","97.6","-1.13","6.23","Cease, Dylan",682928,656302,,"ball",,,,,12,"CJ Abrams walks.","R","L","R","WSH","SD","B",,,0,1,2024,"-0.46","1.34","0.1","4.62",,,,0,7,"Bot",,,,,,,4.359239626492278,-142.09889762962683,-1.9106507332023328,-7.192615918643569,32.05490157870937,-13.837064800470488,"3.48","1.53",,,,"97.7",2445,"6.3",744827,669134,630105,593428,456781,673490,595777,701538,669369,"54.23",,,,,,,,46,2,"4-Seam Fastball",0,3,0,3,3,0,0,3,"Standard","Standard",192,"0","0.025",,,,"-0.025",,-3,-3,"0.118","0.118",28,23,29,24,3,2,5,1,6,1,"1.05","0.46","-0.46","49.1",,,,,
"SL","2024-07-25","90.2","-1.12","6.17","Cease, Dylan",682928,656302,,"called_strike",,,,,5,"CJ Abrams walks.","R","L","R","WSH","SD","S",,,0,0,2024,"0.17","-0.07","-0.06","2.82",,,,0,7,"Bot",,,,,,,2.2890871670853308,-131.41875981003915,-2.269905594021968,1.5228139366347977,26.8533882359558,-32.706901561206905,"3.57","1.7",,,,"90.3",2737,"6.2",744827,669134,630105,593428,456781,673490,595777,701538,669369,"54.3",,,,,,,,46,1,"Slider",0,3,0,3,3,0,0,3,"Standard","Standard",95,"0","-0.037",,,,"0.037",,-3,-3,"0.118","0.118",28,23,29,24,3,2,5,1,6,1,"2.85","-0.17","0.17","49.3",,,,,
"FF","2024-07-25","100","-0.67","6.28","Cease, Dylan",696285,656302,"strikeout","swinging_strike",,,,,6,"Jacob Young strikes out swinging.","R","R","R","WSH","SD","S",2,,1,2,2024,"-0.3","1.61","0.71","2.5",,,,2,6,"Bot",,,,,,,4.514506770970652,-145.40414906563583,-8.86204193113593,-5.26462190337922,33.6677256592648,-7.467591143621828,"3.35","1.52",,,,"100.3",2665,"6.5",744827,669134,630105,593428,456781,673490,595777,701538,669369,"54.04",,0,"0",1,0,0,,41,5,"4-Seam Fastball",0,3,0,3,3,0,0,3,"Standard","Standard",195,"-0.01","-0.18","68.3","6.5",,"0.18",,-3,-3,"0.108","0.108",28,24,29,25,2,1,5,1,6,1,"0.67","0.3","0.3","53.5",-1.8622075573700771,27.338564377315286,33.51616375982255,45.473295170148134,13.897474878312877
"FF","2024-07-25","100.2","-0.73","6.24","Cease, Dylan",696285,656302,,"foul",,,,,2,"Jacob Young strikes out swinging.","R","R","R","WSH","SD","S",,,1,2,2024,"-0.37","1.4","-0.11","2.93",,,,2,6,"Bot",,,,,,,2.598177032018539,-145.75026724442475,-7.10884166512129,-5.891697708025879,33.75236421111702,-10.717316776976146,"3.35","1.52",239,"78.7",48,"100.3",2773,"6.3",744827,669134,630105,593428,456781,673490,595777,701538,669369,"54.17",,,,,,,,41,4,"4-Seam Fastball",0,3,0,3,3,0,0,3,"Standard","Standard",188,"0","0","64.2","6.2",,"0","88.0",-3,-3,"0.108","0.108",28,24,29,25,2,1,5,1,6,1,"0.87","0.37","0.37","53.3",3.9135741717116197,10.364589277254712,33.41306029513265,34.78671988209528,20.684306985145543
"FF","2024-07-25","98.7","-0.68","6.28","Cease, Dylan",696285,656302,,"swinging_strike",,,,,3,"Jacob Young strikes out swinging.","R","R","R","WSH","SD","S",,,1,1,2024,"0.08","1.29","0.65","2.78",,,,2,6,"Bot",,,,,,,3.456175876666696,-143.58836401209848,-7.092471482223617,0.27593346620522163,32.31524985914435,-12.821930113725292,"3.35","1.52",,,,"98.8",2637,"6.3",744827,669134,630105,593428,456781,673490,595777,701538,669369,"54.18",,,,,,,,41,3,"4-Seam Fastball",0,3,0,3,3,0,0,3,"Standard","Standard",191,"0","-0.064","69.8","6.9",,"0.064",,-3,-3,"0.108","0.108",28,24,29,25,2,1,5,1,6,1,"1.04","-0.08","-0.08","55.0",7.16943294648904,21.63906349144968,31.593697453514167,46.47022525287798,15.8098636308376
"SL","2024-07-25","90.7","-0.68","6.12","Cease, Dylan",696285,656302,,"ball",,,,,14,"Jacob Young strikes out swinging.","R","R","R","WSH","SD","B",,,0,1,2024,"0.14","0.14","1.64","1.25",,,,2,6,"Bot",,,,,,,5.503604510857069,-131.9258457306511,-6.573722169040562,0.49311954218943344,26.752489348355187,-29.35120880408009,"3.23","1.48",,,,"90.9",2807,"6.4",744827,669134,630105,593428,456781,673490,595777,701538,669369,"54.15",,,,,,,,41,2,"Slider",0,3,0,3,3,0,0,3,"Standard","Standard",85,"0","0.029",,,,"-0.029",,-3,-3,"0.108","0.108",28,24,29,25,2,1,5,1,6,1,"2.62","-0.14","-0.14","53.4",,,,,
"SL","2024-07-25","89.7","-0.9","6.03","Cease, Dylan",696285,656302,,"missed_bunt",,,,,14,"Jacob Young strikes out swinging.","R","R","R","WSH","SD","S",,,0,0,2024,"0.27","0.09","0.23","1.36",,,,2,6,"Bot",,,,,,,2.230277666629948,-130.72754925367678,-5.822461323827543,2.7164831926087,25.239633489926753,-30.2249495006219,"3.35","1.52",,,,"90.3",2821,"6.4",744827,669134,630105,593428,456781,673490,595777,701538,669369,"54.11",,,,,,,,41,1,"Slider",0,3,0,3,3,0,0,3,"Standard","Standard",108,"0","-0.041","11.1","2.3",,"0.041",,-3,-3,"0.108","0.108",28,24,29,25,2,1,5,1,6,1,"2.72","-0.27","-0.27","49.8",-65.7704105075251,-74.50793141132283,77.58453050082576,43.174509915925015,38.44844440523555
"SL","2024-07-25","90.3","-1.11","6.05","Cease, Dylan",545121,656302,"strikeout","swinging_strike",,,,,11,"Ildemaro Vargas strikes out swinging.","R","L","R","WSH","SD","S",2,,3,2,2024,"0.23","0.13","-0.92","3.25",,,,1,6,"Bot",,,,,,,-0.031063830869673917,-131.60858001914445,-1.3225606879252736,2.7299444733333176,27.048907386305363,-30.556434965854297,"3.33","1.53",,,,"90.5",2745,"6.2",744827,669134,630105,593428,456781,673490,595777,701538,669369,"54.27",,0,"0",1,0,0,,40,7,"Slider",0,3,0,3,3,0,0,3,"Infield shade","Standard",129,"-0.017","-0.332","56.9","5.6",,"0.332",,-3,-3,"0.125","0.125",28,32,29,33,2,1,5,4,6,3,"2.65","-0.23","0.23","50.3",-11.405576753825095,50.02701453659741,11.989462764472515,,
"FF","2024-07-25","98.8","-0.89","6.28","Cease, Dylan",545121,656302,,"foul",,,,,2,"Ildemaro Vargas strikes out swinging.","R","L","R","WSH","SD","S",,,3,2,2024,"-0.1","1.51","-0.11","2.99",,,,1,6,"Bot",,,,,,,2.3508861255775115,-143.78338992124395,-7.084772568460899,-1.8897029046551053,31.215521201202776,-9.819701556533223,"3.33","1.53",27,"96.7",-5,"99.4",2468,"6.5",744827,669134,630105,593428,456781,673490,595777,701538,669369,"54.05",,,,,,,,40,6,"4-Seam Fastball",0,3,0,3,3,0,0,3,"Infield shade","Standard",188,"0","0","61.3","5.8",,"0","96.7",-3,-3,"0.125","0.125",28,32,29,33,2,1,5,4,6,3,"0.82","0.1","-0.1","55.8",-9.158840975796418,35.16264613406786,20.847300911315145,35.1717734514384,5.282673271941419
"FF","2024-07-25","98.5","-0.83","6.2","Cease, Dylan",545121,656302,,"called_strike",,,,,3,"Ildemaro Vargas strikes out swinging.","R","L","R","WSH","SD","S",,,3,1,2024,"-0.08","1.38","0.61","3.1",,,,1,6,"Bot",,,,,,,4.115844740192801,-143.33876154064757,-6.210089023153042,-2.050482569454963,31.679322378013488,-11.841179125080885,"3.3","1.59",,,,"99",2522,"6.4",744827,669134,630105,593428,456781,673490,595777,701538,669369,"54.06",,,,,,,,40,5,"4-Seam Fastball",0,3,0,3,3,0,0,3,"Standard","Standard",188,"0","-0.092",,,,"0.092",,-3,-3,"0.125","0.125",28,32,29,33,2,1,5,4,6,3,"0.96","0.08","-0.08","53.4",,,,,
"FF","2024-07-25","98.1","-0.87","6.18","Cease, Dylan",545121,656302,,"called_strike",,,,,4,"Ildemaro Vargas strikes out swinging.","R","L","R","WSH","SD","S",,,3,0,2024,"-0.18","1.63","-0.49","2.37",,,,1,6,"Bot",,,,,,,1.4591394034991123,-142.7470845018507,-8.639936098629404,-2.784809950765223,31.619986795425273,-8.14432340226297,"3.32","1.5",,,,"98.5",2505,"6.4",744827,669134,630105,593428,456781,673490,595777,701538,669369,"54.06",,,,,,,,40,4,"4-Seam Fastball",0,3,0,3,3,0,0,3,"Standard","Standard",186,"0","-0.081",,,,"0.081",,-3,-3,"0.125","0.125",28,32,29,33,2,1,5,4,6,3,"0.73","0.18","-0.18","53.3",,,,,
"FF","2024-07-25","97.9","-0.92","6.21","Cease, Dylan",545121,656302,,"ball",,,,,11,"Ildemaro Vargas strikes out swinging.","R","L","R","WSH","SD","B",,,2,0,2024,"-0.2","1.46","-0.68","3.46",,,,1,6,"Bot",,,,,,,1.1217489433584442,-142.56555921476553,-5.344948637450633,-2.9953024443430945,32.096513904115035,-11.181598975358149,"3.23","1.49",,,,"98.2",2472,"6.4",744827,669134,630105,593428,456781,673490,595777,701538,669369,"54.11",,,,,,,,40,3,"4-Seam Fastball",0,3,0,3,3,0,0,3,"Standard","Standard",186,"0","0.139",,,,"-0.139",,-3,-3,"0.125","0.125",28,32,29,33,2,1,5,4,6,3,"0.91","0.2","-0.2","51.8",,,,,
"KC","2024-07-25","82.5","-0.82","6.03","Cease, Dylan",545121,656302,,"ball",,,,,14,"Ildemaro Vargas strikes out swinging.","R","L","R","WSH","SD","B",,,1,0,2024,"0.28","-0.95","0.95","-0.12",,,,1,6,"Bot",,,,,,,3.4886144910330747,-120.0198538540469,-5.653641781576044,2.0411237273689515,23.242998410560194,-40.50676913782888,"3.21","1.47",,,,"82.9",2759,"6.6",744827,669134,630105,593428,456781,673490,595777,701538,669369,"53.91",,,,,,,,40,2,"Knuckle Curve",0,3,0,3,3,0,0,3,"Standard","Standard",23,"0","0.072",,,,"-0.072",,-3,-3,"0.125","0.125",28,32,29,33,2,1,5,4,6,3,"4.3","-0.28","0.28","57.1",,,,,
"FF","2024-07-25","98.7","-1.02","6.23","Cease, Dylan",545121,656302,,"ball",,,,,12,"Ildemaro Vargas strikes out swinging.","R","L","R","WSH","SD","B",,,0,0,2024,"-0.05","1.25","0.04","3.85",,,,1,6,"Bot",,,,,,,2.9972897162902563,-143.791885143439,-3.958727345292557,-1.3283836249647043,32.68693257693876,-14.090265861366667,"3.46","1.63",,,,"99",2462,"6.3",744827,669134,630105,593428,456781,673490,595777,701538,669369,"54.18",,,,,,,,40,1,"4-Seam Fastball",0,3,0,3,3,0,0,3,"Infield shade","Standard",192,"0","0.039",,,,"-0.039",,-3,-3,"0.125","0.125",28,32,29,33,2,1,5,4,6,3,"1.08","0.05","-0.05","55.2",,,,,
"KC","2024-07-25","82.9","-0.77","6.16","Cease, Dylan",671277,656302,"field_out","hit_into_play",,,,,4,"Luis García Jr. grounds out, pitcher Dylan Cease to first baseman Jake Cronenworth.","R","L","R","WSH","SD","X",1,"ground_ball",0,0,2024,"-0.01","-1.19","-0.66","2.88",,,,0,6,"Bot",132.02,181.87,,,,,0.2821315994164397,-120.71821681398438,1.2919496382908993,-0.12992935456324242,22.970900075836653,-44.30606994639994,"3.49","1.68",2,"84.8",-48,"83",2527,"6.3",744827,669134,630105,593428,456781,673490,595777,701538,669369,"54.22",0.183,0.16,"0",1,0,0,2,39,1,"Knuckle Curve",0,3,0,3,3,0,0,3,"Standard","Standard",19,"-0.026","-0.254","73.8","7.1",0.214,"0.254","88.0",-3,-3,"0.151","0.151",28,24,29,24,2,1,5,1,6,1,"4.5","0.01","-0.01","56.6",5.20217807045167,5.179344642511602,24.032928276004302,45.88065326579141,26.391767116762196
"SL","2024-07-25","90.2","-1.11","6.03","Cease, Dylan",660688,656302,"field_out","hit_into_play",,,,,8,"Keibert Ruiz grounds out, first baseman Jake Cronenworth to pitcher Dylan Cease.","R","L","R","WSH","SD","X",3,"ground_ball",1,1,2024,"0.16","0.22","-0.22","1.56",,,,2,5,"Bot",151.26,159.04,,,,,1.8914582496233245,-131.4070151954454,-5.701914839572767,1.4749943075016927,24.86839434809992,-28.658568577944227,"3.37","1.57",23,"76.7",-2,"90.4",2899,"6.1",744827,669134,630105,593428,456781,673490,595777,701538,669369,"54.38",0.103,0.079,"0",1,0,0,2,35,3,"Slider",0,3,0,3,3,0,0,3,"Infield shade","Standard",97,"-0.01","-0.244","74.1","7.7",0.115,"0.244","88.0",-3,-3,"0.138","0.138",28,25,29,26,2,1,5,2,6,1,"2.55","-0.16","0.16","48.9",14.901647334205142,-21.936962236577607,37.13241510384004,34.06430310418307,44.16089859259411
"SL","2024-07-25","91","-1.2","5.95","Cease, Dylan",660688,656302,,"ball",,,,,13,"Keibert Ruiz grounds out, first baseman Jake Cronenworth to pitcher Dylan Cease.","R","L","R","WSH","SD","B",,,0,1,2024,"0.05","0.3","-0.09","0.77",,,,2,5,"Bot",,,,,,,2.6534553738748983,-132.42959376010725,-7.78306041001837,0.12730437282327445,25.877822452928328,-27.238725296369914,"3.47","1.57",,,,"91.1",2954,"6.2",744827,669134,630105,593428,456781,673490,595777,701538,669369,"54.34",,,,,,,,35,2,"Slider",0,3,0,3,3,0,0,3,"Infield shade","Standard",139,"0","0.029",,,,"-0.029",,-3,-3,"0.138","0.138",28,25,29,26,2,1,5,2,6,1,"2.43","-0.05","0.05","49.0",,,,,
"FF","2024-07-25","97.5","-0.82","6.11","Cease, Dylan",660688,656302,,"called_strike",,,,,7,"Keibert Ruiz grounds out, first baseman Jake Cronenworth to pitcher Dylan Cease.","R","L","R","WSH","SD","S",,,0,0,2024,"-0.12","1.53","-0.63","1.96",,,,2,5,"Bot",,,,,,,0.7876718938088404,-141.7792605214089,-9.20001676154241,-1.802946156331463,29.99214901256827,-9.703632822056116,"3.45","1.59",,,,"97.9",2787,"6.4",744827,669134,630105,593428,456781,673490,595777,701538,669369,"54.12",,,,,,,,35,1,"4-Seam Fastball",0,3,0,3,3,0,0,3,"Infield shade","Standard",194,"0","-0.041",,,,"0.041",,-3,-3,"0.138","0.138",28,25,29,26,2,1,5,2,6,1,"0.86","0.12","-0.12","53.5",,,,,
"FF","2024-07-25","98.6","-0.78","6.23","Cease, Dylan",695578,656302,"strikeout","swinging_strike",,,,,2,"James Wood strikes out swinging.","R","L","R","WSH","SD","S",2,,1,2,2024,"-0.48","1.49","-0.12","3.94",,,,1,5,"Bot",,,,,,,2.9118142811715466,-143.56677175588908,-4.256716866042631,-7.266255789769408,32.54159918343555,-10.777986698786213,"3.86","1.78",,,,"98.6",2711,"6.2",744827,669134,630105,593428,456781,673490,595777,701538,669369,"54.3",,0,"0",1,0,0,,34,4,"4-Seam Fastball",0,3,0,3,3,0,0,3,"Infield shade","Standard",195,"-0.016","-0.182","78.9","6.5",,"0.182",,-3,-3,"0.154","0.154",28,21,29,22,2,1,5,1,6,1,"0.85","0.48","-0.48","48.7",7.2176166083400615,11.50735492117566,27.79874175845993,39.448913840911885,23.496621700402272
"SL","2024-07-25","89.6","-1.32","5.84","Cease, Dylan",695578,656302,,"ball",,,,,13,"James Wood strikes out swinging.","R","L","R","WSH","SD","B",,,0,2,2024,"0.28","0.28","-1.06","0.99",,,,1,5,"Bot",,,,,,,0.03833904033489614,-130.3905874973342,-6.566356034324417,3.1917250810406097,26.332065919119607,-27.90256352384459,"3.68","1.66",,,,"89.6",2890,"6.2",744827,669134,630105,593428,456781,673490,595777,701538,669369,"54.28",,,,,,,,34,3,"Slider",0,3,0,3,3,0,0,3,"Infield shade","Standard",20,"0","0.02",,,,"-0.02",,-3,-3,"0.154","0.154",28,21,29,22,2,1,5,1,6,1,"2.55","-0.28","0.28","42.8",,,,,
"SL","2024-07-25","89.2","-1.14","5.86","Cease, Dylan",695578,656302,,"swinging_strike",,,,,14,"James Wood strikes out swinging.","R","L","R","WSH","SD","S",,,0,1,2024,"0.14","0.33","0.18","1.07",,,,1,5,"Bot",,,,,,,2.9301295727789904,-129.82851959866676,-6.500259867876609,1.0525024171886999,25.816687327583683,-27.30041632704735,"3.86","1.78",,,,"89.4",2963,"6.3",744827,669134,630105,593428,456781,673490,595777,701538,669369,"54.23",,,,,,,,34,2,"Slider",0,3,0,3,3,0,0,3,"Infield shade","Standard",82,"0","-0.057","68.3","8.7",,"0.057",,-3,-3,"0.154","0.154",28,21,29,22,2,1,5,1,6,1,"2.52","-0.14","0.14","48.0",21.367534103194412,-8.760025659165866,44.323939090875704,36.381458444975934,42.92322725046029
"KC","2024-07-25","82.1","-0.64","6.09","Cease, Dylan",695578,656302,,"called_strike",,,,,8,"James Wood strikes out swinging.","R","L","R","WSH","SD","S",,,0,0,2024,"0.38","-1.2","0.03","1.88",,,,1,5,"Bot",,,,,,,0.7808197352061859,-119.62779045548969,-0.6598770632445413,3.4510211732169696,23.900436461232097,-43.7505140079724,"3.74","1.81",,,,"82.2",2672,"6.3",744827,669134,630105,593428,456781,673490,595777,701538,669369,"54.17",,,,,,,,34,1,"Knuckle Curve",0,3,0,3,3,0,0,3,"Infield shade","Standard",24,"0","-0.037",,,,"0.037",,-3,-3,"0.154","0.154",28,21,29,22,2,1,5,1,6,1,"4.58","-0.38","0.38","56.3",,,,,
"FF","2024-07-25","99.2","-0.67","6.3","Cease, Dylan",660766,656302,"field_out","hit_into_play",,,,,1,"Juan Yepez flies out, second baseman Xander Bogaerts to center fielder Jackson Merrill.","R","R","R","WSH","SD","X",4,"fly_ball",1,2,2024,"-0.39","1.63","-0.82","3.36",,,,0,5,"Bot",139.04,118.61,,,,,0.5099067001898947,-144.3583291199615,-6.453866737204441,-5.5992809062616935,33.120281632268316,-8.102283188540401,"3.45","1.68",208,"69",47,"99.2",2624,"6.2",744827,669134,630105,593428,456781,673490,595777,701538,669369,"54.25",0.206,0.186,"0",1,0,0,3,33,4,"4-Seam Fastball",0,3,0,3,3,0,0,3,"Standard","Standard",193,"-0.025","-0.186","60.9","5.5",0.227,"0.186","88.0",-3,-3,"0.179","0.179",28,26,29,26,2,1,5,1,6,1,"0.68","0.39","0.39","57.2",3.619338705109714,-0.11185647356123103,24.911917687325722,24.240015499774415,19.280371486984368
"FF","2024-07-25","98.6","-0.68","6.27","Cease, Dylan",660766,656302,,"foul",,,,,12,"Juan Yepez flies out, second baseman Xander Bogaerts to center fielder Jackson Merrill.","R","R","R","WSH","SD","S",,,1,1,2024,"-0.04","1.32","0.86","2.63",,,,0,5,"Bot",,,,,,,4.278087822151125,-143.42914200814147,-7.5307300470233525,-1.512626233512036,31.614234769683424,-12.450889407616316,"3.45","1.68",239,"77.5",28,"98.9",2625,"6.3",744827,669134,630105,593428,456781,673490,595777,701538,669369,"54.15",,,,,,,,33,3,"4-Seam Fastball",0,3,0,3,3,0,0,3,"Standard","Standard",192,"0","-0.056","72.5","7.0",,"0.056","88.0",-3,-3,"0.179","0.179",28,26,29,26,2,1,5,1,6,1,"1.02","0.04","0.04","55.1",-5.484277987071087,20.115260959212076,26.8955221701064,44.64289799397944,8.824935206264023
"SL","2024-07-25","88.2","-0.92","6.12","Cease, Dylan",660766,656302,,"foul",,,,,9,"Juan Yepez flies out, second baseman Xander Bogaerts to center fielder Jackson Merrill.","R","R","R","WSH","SD","S",,,1,0,2024,"0.3","0.07","0.59","2.01",,,,0,5,"Bot",,,,,,,3.046499005000975,-128.4313816769779,-4.0955880559227875,2.7330469876523784,25.132562236638094,-30.75024325529562,"3.45","1.68",3,"40.6",-31,"88.4",2795,"6.3",744827,669134,630105,593428,456781,673490,595777,701538,669369,"54.22",,,,,,,,33,2,"Slider",0,3,0,3,3,0,0,3,"Standard","Standard",76,"0","-0.049","64.6","8.5",,"0.049","88.0",-3,-3,"0.179","0.179",28,26,29,26,2,1,5,1,6,1,"2.84","-0.3","-0.3","53.6",18.982753533720942,-29.3912450565502,29.16528847263245,40.14207005409738,42.12361331627138
"SL","2024-07-25","89.2","-0.92","6.13","Cease, Dylan",660766,656302,,"ball",,,,,14,"Juan Yepez flies out, second baseman Xander Bogaerts to center fielder Jackson Merrill.","R","R","R","WSH","SD","B",,,0,0,2024,"0.18","0.17","0.71","0.87",,,,0,5,"Bot",,,,,,,3.6430362540978436,-129.7776693804806,-7.308346630767438,1.3212288051911054,26.307889706984646,-28.980015708055923,"3.45","1.6",,,,"89.4",2831,"6.3",744827,669134,630105,593428,456781,673490,595777,701538,669369,"54.17",,,,,,,,33,1,"Slider",0,3,0,3,3,0,0,3,"Standard","Standard",107,"0","0.038",,,,"-0.038",,-3,-3,"0.179","0.179",28,26,29,26,2,1,5,1,6,1,"2.69","-0.18","-0.18","54.6",,,,,
"FF","2024-07-25","98.4","-1.14","6.1","Cease, Dylan",608385,656302,"grounded_into_double_play","hit_into_play",,,,,14,"Jesse Winker grounds into a double play, third baseman Donovan Solano to shortstop Ha-Seong Kim to first baseman Jake Cronenworth. Lane Thomas out at 2nd. Jesse Winker out at 1st.","R","L","R","WSH","SD","X",5,"ground_ball",0,1,2024,"-0.19","1.34","0.88","2.34",,,657041,1,4,"Bot",109.94,147.4,,,,,5.904688372735961,-143.13195938682856,-7.874457091480254,-3.9000714072250604,31.062490763033527,-12.148526285269968,"3.46","1.63",100,"66",10,"98.7",2664,"6.3",744827,669134,630105,593428,456781,673490,595777,701538,669369,"54.17",0.197,0.195,"0",1,0,0,2,29,2,"4-Seam Fastball",0,3,0,3,3,0,0,3,"Infield shade","Standard",188,"-0.053","-0.273","69.2","6.6",0.206,"0.273","88.0",-3,-3,"0.207","0.207",28,30,29,31,2,1,5,1,6,1,"1.01","0.19","-0.19","51.1",-2.4907913250401177,18.457066055905656,37.78489967715596,27.068547637732287,19.709460681387593
"FF","2024-07-25","97.7","-1.07","6.12","Cease, Dylan",608385,656302,,"foul",,,,,6,"Jesse Winker grounds into a double play, third baseman Donovan Solano to shortstop Ha-Seong Kim to first baseman Jake Cronenworth. Lane Thomas out at 2nd. Jesse Winker out at 1st.","R","L","R","WSH","SD","S",,,0,0,2024,"-0.16","1.45","0.49","2.84",,,657041,1,4,"Bot",,,,,,,4.5868643379563485,-142.15591557469315,-6.717048544389218,-3.2159563297188756,31.11915267863475,-11.213354599849275,"3.46","1.63",233,"72.9",32,"98.3",2643,"6.5",744827,669134,630105,593428,456781,673490,595777,701538,669369,"53.97",,,,,,,,29,1,"4-Seam Fastball",0,3,0,3,3,0,0,3,"Infield shade","Standard",192,"0","-0.04","71.1","6.7",,"0.04","88.0",-3,-3,"0.207","0.207",28,30,29,31,2,1,5,1,6,1,"0.93","0.16","-0.16","53.6",6.414688411267631,21.092525562574682,33.21389736354997,30.890786512625304,21.254773504514183
"FF","2024-07-25","98.8","-0.6","6.15","Cease, Dylan",657041,656302,"walk","ball",,,,,14,"Lane Thomas walks.","R","R","R","WSH","SD","B",,,3,2,2024,"-0.16","1.53","1.57","1.8",,,,1,4,"Bot",,,,,,,6.304487941957843,-143.5630488956618,-9.981986014787411,-3.64688359685392,32.25452665744729,-8.817810094430206,"3.14","1.49",,,,"99",2590,"6.4",744827,669134,630105,593428,456781,673490,595777,701538,669369,"54.1",,0.689131,"0.7",1,0,0,,28,8,"4-Seam Fastball",0,3,0,3,3,0,0,3,"Standard","Standard",192,"0.027","0.348",,,,"-0.348",,-3,-3,"0.18","0.18",28,28,29,29,2,1,5,1,6,1,"0.8","0.16","0.16","54.0",,,,,
"SL","2024-07-25","90","-0.68","6.05","Cease, Dylan",657041,656302,,"foul",,,,,9,"Lane Thomas walks.","R","R","R","WSH","SD","S",,,3,2,2024,"0.38","-0.05","0.29","1.8",,,,1,4,"Bot",,,,,,,1.5987846402494992,-131.10060590363764,-4.509745418287945,4.082152763719245,26.85265582930777,-32.06166730657136,"3.12","1.46",103,"70.4",72,"90.2",2717,"6.3",744827,669134,630105,593428,456781,673490,595777,701538,669369,"54.2",,,,,,,,28,7,"Slider",0,3,0,3,3,0,0,3,"Standard","Standard",108,"0","0","58.7","7.1",,"0","88.0",-3,-3,"0.18","0.18",28,28,29,29,2,1,5,1,6,1,"2.85","-0.38","-0.38","54.5",4.313095345125898,-0.3358780537478281,27.835546126564072,40.3429383265302,24.926479557935856
"SL","2024-07-25","90.1","-0.94","6.09","Cease, Dylan",657041,656302,,"foul",,,,,4,"Lane Thomas walks.","R","R","R","WSH","SD","S",,,3,2,2024,"0","0.16","-0.35","2.45",,,,1,4,"Bot",,,,,,,1.4588331485987596,-131.20638685848877,-3.423324197448858,-0.31736149150856807,27.77492963131485,-29.818887711422573,"3.12","1.46",141,"106.3",9,"90.1",2743,"6.2",744827,669134,630105,593428,456781,673490,595777,701538,669369,"54.26",,,,,,,,28,6,"Slider",0,3,0,3,3,0,0,3,"Standard","Standard",94,"0","0","72.7","6.9",,"0","106.3",-3,-3,"0.18","0.18",28,28,29,29,2,1,5,1,6,1,"2.64","0","0","52.1",14.486823517785917,-14.989248008804173,29.950173707755607,32.18087199314816,33.4285661388962
"FF","2024-07-25","97.8","-0.79","6.14","Cease, Dylan",657041,656302,,"foul",,,,,4,"Lane Thomas walks.","R","R","R","WSH","SD","S",,,3,1,2024,"-0.38","1.66","-0.3","1.99",,,,1,4,"Bot",,,,,,,2.184139591136085,-142.24310638985264,-9.53887365191981,-5.618303817106389,31.949272688564285,-7.646000709107135,"3.12","1.46",,,,"98.1",2654,"6.4",744827,669134,630105,593428,456781,673490,595777,701538,669369,"54.05",,,,,,,,28,5,"4-Seam Fastball",0,3,0,3,3,0,0,3,"Standard","Standard",191,"0","-0.092","72.3","6.7",,"0.092",,-3,-3,"0.18","0.18",28,28,29,29,2,1,5,1,6,1,"0.72","0.38","0.38","54.1",5.84379059247084,2.1641864482680244,41.71525585997539,33.442411035543074,22.444807818795066
"SL","2024-07-25","89.7","-0.71","6.04","Cease, Dylan",657041,656302,,"ball",,,,,14,"Lane Thomas walks.","R","R","R","WSH","SD","B",,,2,1,2024,"0.12","0.24","1.23","0.04",,,,1,4,"Bot",,,,,,,4.544142043376341,-130.42080871909076,-9.415671396524028,0.518540740548657,25.372491078922135,-27.743357748283483,"3.14","1.5",,,,"90",2774,"6.4",744827,669134,630105,593428,456781,673490,595777,701538,669369,"54.13",,,,,,,,28,4,"Slider",0,3,0,3,3,0,0,3,"Standard","Standard",90,"0","0.122",,,,"-0.122",,-3,-3,"0.18","0.18",28,28,29,29,2,1,5,1,6,1,"2.58","-0.12","-0.12","53.4",,,,,
"SL","2024-07-25","90.5","-0.89","6.14","Cease, Dylan",657041,656302,,"ball",,,,,11,"Lane Thomas walks.","R","R","R","WSH","SD","B",,,1,1,2024,"0.17","0.13","-0.79","4.04",,,,1,4,"Bot",,,,,,,-0.10604905575175907,-131.89796196572757,0.32384474091256266,1.9671052787573389,24.958828767556167,-30.919601655577146,"3.2","1.47",,,,"90.7",2857,"6.1",744827,669134,630105,593428,456781,673490,595777,701538,669369,"54.44",,,,,,,,28,3,"Slider",0,3,0,3,3,0,0,3,"Standard","Standard",111,"0","0.059",,,,"-0.059",,-3,-3,"0.18","0.18",28,28,29,29,2,1,5,1,6,1,"2.62","-0.17","-0.17","52.8",,,,,
"SL","2024-07-25","89.2","-0.79","6.04","Cease, Dylan",657041,656302,,"ball",,,,,14,"Lane Thomas walks.","R","R","R","WSH","SD","B",,,0,1,2024,"0.37","0.08","0.97","-0.24",,,,1,4,"Bot",,,,,,,3.562059948370905,-129.61245628173378,-9.589999881413185,3.4268459992235933,25.772157452705365,-29.578217949656025,"3.26","1.5",,,,"89.3",2944,"6.3",744827,669134,630105,593428,456781,673490,595777,701538,669369,"54.17",,,,,,,,28,2,"Slider",0,3,0,3,3,0,0,3,"Standard","Standard",125,"0","0.024",,,,"-0.024",,-3,-3,"0.18","0.18",28,28,29,29,2,1,5,1,6,1,"2.78","-0.37","-0.37","50.0",,,,,
"FF","2024-07-25","99.4","-0.66","6.13","Cease, Dylan",657041,656302,,"swinging_strike",,,,,3,"Lane Thomas walks.","R","R","R","WSH","SD","S",,,0,0,2024,"-0.3","1.5","0.41","2.71",,,,1,4,"Bot",,,,,,,3.6330945406690627,-144.55692800463527,-7.498277298306766,-5.025661743163063,34.046709612903776,-9.532462191405777,"3.12","1.46",,,,"99.5",2727,"6.4",744827,669134,630105,593428,456781,673490,595777,701538,669369,"54.13",,,,,,,,28,1,"4-Seam Fastball",0,3,0,3,3,0,0,3,"Standard","Standard",189,"0","-0.037","69.2","5.7",,"0.037",,-3,-3,"0.18","0.18",28,28,29,29,2,1,5,1,6,1,"0.81","0.3","0.3","53.5",-6.931712901073926,33.74890870646226,29.454795508298343,42.56077725320817,7.7024027211332085
"SL","2024-07-25","89.5","-1.02","6.01","Cease, Dylan",682928,656302,"field_out","hit_into_play",,,,,4,"CJ Abrams flies out to right fielder Bryce Johnson.","R","L","R","WSH","SD","X",9,"fly_ball",2,1,2024,"0.49","-0.11","-0.35","2.31",,,,0,4,"Bot",206,85.55,,,,,0.6171610037310421,-130.43969386017528,-2.938746501792438,5.493195621068122,25.23423481169984,-33.091275126056445,"3.54","1.6",341,"96.3",25,"89.8",2894,"6.2",744827,669134,630105,593428,456781,673490,595777,701538,669369,"54.27",0.229,0.317,"0",1,0,0,5,27,4,"Slider",0,3,0,3,3,0,0,3,"Infield shade","Standard",80,"-0.023","-0.296","75.0","8.2",0.549,"0.296","96.3",-3,-3,"0.203","0.203",28,23,29,24,2,1,5,1,6,1,"2.93","-0.49","0.49","51.0",15.654416046795111,-15.455519843070975,26.270160158862804,43.72942480854768,38.77368984079647
"SL","2024-07-25","88.2","-1.11","5.96","Cease, Dylan",682928,656302,,"foul",,,,,8,"CJ Abrams flies out to right fielder Bryce Johnson.","R","L","R","WSH","SD","S",,,2,0,2024,"0.12","0.27","0","1.66",,,,0,4,"Bot",,,,,,,2.443715888940746,-128.4584905220704,-4.985122617662347,0.8639455850685565,25.120618466908116,-28.414797739255746,"3.54","1.6",4,"78.1",-26,"88.7",2718,"6.4",744827,669134,630105,593428,456781,673490,595777,701538,669369,"54.07",,,,,,,,27,3,"Slider",0,3,0,3,3,0,0,3,"Infield shade","Standard",151,"0","-0.065","79.9","8.1",,"0.065","88.0",-3,-3,"0.203","0.203",28,23,29,24,2,1,5,1,6,1,"2.64","-0.12","0.12","51.2",21.203587675500415,-11.651661451330341,32.376392490444346,37.918068098353714,35.87370530983376
"FF","2024-07-25","98.1","-1.03","6.18","Cease, Dylan",682928,656302,,"ball",,,,,13,"CJ Abrams flies out to right fielder Bryce Johnson.","R","L","R","WSH","SD","B",,,1,0,2024,"-0.41","1.37","-1.23","1.77",,,,0,4,"Bot",,,,,,,0.4036270211288958,-142.67950789697403,-9.62618793200159,-5.66750430139073,31.391119393322928,-11.425579263173566,"3.54","1.7",,,,"98.3",2662,"6.3",744827,669134,630105,593428,456781,673490,595777,701538,669369,"54.18",,,,,,,,27,2,"4-Seam Fastball",0,3,0,3,3,0,0,3,"Infield shade","Standard",189,"0","0.069",,,,"-0.069",,-3,-3,"0.203","0.203",28,23,29,24,2,1,5,1,6,1,"0.99","0.41","-0.41","51.3",,,,,
"SL","2024-07-25","87.8","-1.27","5.99","Cease, Dylan",682928,656302,,"ball",,,,,13,"CJ Abrams flies out to right fielder Bryce Johnson.","R","L","R","WSH","SD","B",,,0,0,2024,"0.43","0.05","-0.26","1.05",,,,0,4,"Bot",,,,,,,1.5531560233677475,-127.8213449042152,-5.971181938239606,4.460111799651754,24.25451159634181,-30.70609877971322,"3.61","1.64",,,,"88.1",2791,"6.3",744827,669134,630105,593428,456781,673490,595777,701538,669369,"54.23",,,,,,,,27,1,"Slider",0,3,0,3,3,0,0,3,"Infield shade","Standard",121,"0","0.038",,,,"-0.038",,-3,-3,"0.203","0.203",28,23,29,24,2,1,5,1,6,1,"2.89","-0.43","0.43","49.1",,,,,
"SL","2024-07-25","88.6","-0.64","6.1","Cease, Dylan",696285,656302,"strikeout","swinging_strike",,,,,14,"Jacob Young strikes out swinging.","R","R","R","WSH","SD","S",2,,2,2,2024,"0.36","0.23","0.81","1",,,,2,3,"Bot",,,,,,,2.8041626035863225,-129.03776790713084,-6.928311959834983,3.4530738952047146,24.777991841771488,-28.49927478930447,"3.35","1.52",,,,"88.9",2745,"6.3",744827,669134,630105,593428,456781,673490,595777,701538,669369,"54.22",,0,"0",1,0,0,,23,5,"Slider",0,3,0,3,3,0,0,3,"Standard","Standard",78,"-0.009","-0.219","42.2","7.7",,"0.219",,-3,-3,"0.185","0.185",28,24,29,25,1,0,5,1,6,1,"2.65","-0.36","-0.36","54.2",11.660431551206461,-1.051469638438247,38.193086338159,46.56486035262376,29.786959749626078
"SL","2024-07-25","89.5","-0.8","6.1","Cease, Dylan",696285,656302,,"ball",,,,,14,"Jacob Young strikes out swinging.","R","R","R","WSH","SD","B",,,1,2,2024,"0.25","0.44","0.86","1.32",,,,2,3,"Bot",,,,,,,3.5651547316424423,-130.2921856430939,-6.804522826183302,2.289886300460833,22.963871266191248,-26.110246502634133,"3.26","1.53",,,,"90.2",2887,"6.4",744827,669134,630105,593428,456781,673490,595777,701538,669369,"54.15",,,,,,,,23,4,"Slider",0,3,0,3,3,0,0,3,"Standard","Standard",79,"0","0.039",,,,"-0.039",,-3,-3,"0.185","0.185",28,24,29,25,1,0,5,1,6,1,"2.37","-0.25","-0.25","52.5",,,,,
"SL","2024-07-25","90.1","-0.79","6.14","Cease, Dylan",696285,656302,,"ball",,,,,14,"Jacob Young strikes out swinging.","R","R","R","WSH","SD","B",,,0,2,2024,"0.2","0.1","1.25","0.42",,,,2,3,"Bot",,,,,,,4.664587088966306,-131.01260412002645,-8.516062231201579,1.4292333051306911,25.15519737111071,-29.58107205799449,"3.32","1.53",,,,"90.6",2864,"6.4",744827,669134,630105,593428,456781,673490,595777,701538,669369,"54.07",,,,,,,,23,3,"Slider",0,3,0,3,3,0,0,3,"Standard","Standard",95,"0","0.023",,,,"-0.023",,-3,-3,"0.185","0.185",28,24,29,25,1,0,5,1,6,1,"2.69","-0.2","-0.2","54.1",,,,,
"FF","2024-07-25","98.7","-0.73","6.28","Cease, Dylan",696285,656302,,"foul_tip",,,,,11,"Jacob Young strikes out swinging.","R","R","R","WSH","SD","S",,,0,1,2024,"0.05","1.41","-0.35","3.65",,,,2,3,"Bot",,,,,,,0.9116748991597193,-143.7240759951232,-5.0140702812199445,0.4878842012270677,31.77008122675297,-11.656520228032244,"3.35","1.52",,,,"98.7",2679,"6.2",744827,669134,630105,593428,456781,673490,595777,701538,669369,"54.34",,,,,,,,23,2,"4-Seam Fastball",0,3,0,3,3,0,0,3,"Standard","Standard",188,"0","-0.058","60.5","5.3",,"0.058",,-3,-3,"0.185","0.185",28,24,29,25,1,0,5,1,6,1,"0.92","-0.05","-0.05","55.3",-1.7966129110235511,28.505520386033005,27.405401806720764,33.293211628255165,13.722875386501824
"FF","2024-07-25","98.9","-0.63","6.24","Cease, Dylan",696285,656302,,"called_strike",,,,,6,"Jacob Young strikes out swinging.","R","R","R","WSH","SD","S",,,0,0,2024,"-0.13","1.39","0.47","2.7",,,,2,3,"Bot",,,,,,,3.303761075369053,-144.00618627905678,-7.5251693630648235,-2.517413217328174,31.287340298897657,-11.232050801247105,"3.25","1.54",,,,"99.4",2583,"6.4",744827,669134,630105,593428,456781,673490,595777,701538,669369,"54.11",,,,,,,,23,1,"4-Seam Fastball",0,3,0,3,3,0,0,3,"Standard","Standard",185,"0","-0.041",,,,"0.041",,-3,-3,"0.185","0.185",28,24,29,25,1,0,5,1,6,1,"0.92","0.13","0.13","61.7",,,,,
"SL","2024-07-25","87.7","-0.98","6.04","Cease, Dylan",545121,656302,"field_out","hit_into_play",,,,,4,"Ildemaro Vargas grounds out, second baseman Xander Bogaerts to first baseman Jake Cronenworth.","R","L","R","WSH","SD","X",4,"ground_ball",1,1,2024,"0.35","-0.21","-0.75","2.38",,,,1,3,"Bot",144.8,137.84,,,,,-0.15485256452728302,-127.87670276389744,-2.3413826917404976,3.8736705571519425,24.820786754424976,-34.26384693010425,"3.33","1.53",9,"89.7",-14,"88.1",2872,"6.3",744827,669134,630105,593428,456781,673490,595777,701538,669369,"54.21",0.129,0.109,"0",1,0,0,2,22,3,"Slider",0,3,0,3,3,0,0,3,"Infield shade","Standard",70,"-0.016","-0.243","69.9","7.7",0.141,"0.243","89.7",-3,-3,"0.201","0.201",28,32,29,33,1,0,5,4,6,3,"3.15","-0.35","0.35","56.7",3.9820021030568706,-4.609517180585408,19.86123539261527,43.29927210782343,23.255207156760783
"SL","2024-07-25","88.2","-1.16","5.99","Cease, Dylan",545121,656302,,"ball",,,,,13,"Ildemaro Vargas grounds out, second baseman Xander Bogaerts to first baseman Jake Cronenworth.","R","L","R","WSH","SD","B",,,0,1,2024,"0.2","-0.08","-1.24","2.25",,,,1,3,"Bot",,,,,,,-0.5974208023551734,-128.49403011788002,-2.879609006517038,2.2992256075355813,25.521950104526965,-32.660162997982304,"3.36","1.42",,,,"88.3",2887,"6.2",744827,669134,630105,593428,456781,673490,595777,701538,669369,"54.33",,,,,,,,22,2,"Slider",0,3,0,3,3,0,0,3,"Infield shade","Standard",71,"0","0.024",,,,"-0.024",,-3,-3,"0.201","0.201",28,32,29,33,1,0,5,4,6,3,"2.99","-0.2","0.2","48.5",,,,,
"FF","2024-07-25","98.1","-0.66","6.21","Cease, Dylan",545121,656302,,"foul",,,,,8,"Ildemaro Vargas grounds out, second baseman Xander Bogaerts to first baseman Jake Cronenworth.","R","L","R","WSH","SD","S",,,0,0,2024,"-0.03","1.69","0.07","1.89",,,,1,3,"Bot",,,,,,,2.0341241883315733,-142.59288401115506,-10.139766468114868,-0.8394211638071286,32.16951649501858,-6.966642629883169,"3.33","1.53",1,"81.2",-67,"98.4",2709,"6.5",744827,669134,630105,593428,456781,673490,595777,701538,669369,"54.03",,,,,,,,22,1,"4-Seam Fastball",0,3,0,3,3,0,0,3,"Infield shade","Standard",185,"0","-0.037","69.2","6.8",,"0.037","88.0",-3,-3,"0.201","0.201",28,32,29,33,1,0,5,4,6,3,"0.68","0.03","-0.03","55.0",-5.831524535158663,18.375631835752202,27.404865375233335,34.00472926505219,12.987276951854934
"SL","2024-07-25","87.6","-1.1","5.94","Cease, Dylan",671277,656302,"strikeout","foul_tip",,,,,5,"Luis García Jr. strikes out on a foul tip.","R","L","R","WSH","SD","S",2,,2,2,2024,"0.09","0.35","-0.04","2.48",,,,0,3,"Bot",,,,,,,2.3758594561334783,-127.63778273301487,-3.0065816458779233,0.526844015093948,23.89118198957165,-27.990801285589104,"3.49","1.68",,,,"88",2904,"6.2",744827,669134,630105,593428,456781,673490,595777,701538,669369,"54.26",,0,"0",1,0,0,,21,5,"Slider",0,3,0,3,3,0,0,3,"Standard","Standard",32,"-0.023","-0.227","71.6","8.2",,"0.227",,-3,-3,"0.224","0.224",28,24,29,24,1,0,5,1,6,1,"2.59","-0.09","0.09","45.1",16.046252866338644,-23.066099627643638,24.40285384807883,40.23982629688854,46.59197943872879
"SL","2024-07-25","89","-1.09","5.84","Cease, Dylan",671277,656302,,"ball",,,,,14,"Luis García Jr. strikes out on a foul tip.","R","L","R","WSH","SD","B",,,1,2,2024,"0.13","0.08","1.06","-0.22",,,,0,3,"Bot",,,,,,,5.002254822111176,-129.291362912529,-8.984153118895208,0.42260695592717995,26.21229866002862,-29.600486544903703,"3.47","1.58",,,,"89.1",2879,"6.4",744827,669134,630105,593428,456781,673490,595777,701538,669369,"54.13",,,,,,,,21,4,"Slider",0,3,0,3,3,0,0,3,"Standard","Standard",75,"0","0.04",,,,"-0.04",,-3,-3,"0.224","0.224",28,24,29,24,1,0,5,1,6,1,"2.8","-0.13","0.13","48.5",,,,,
"FF","2024-07-25","97.4","-0.9","6.21","Cease, Dylan",671277,656302,,"called_strike",,,,,7,"Luis García Jr. strikes out on a foul tip.","R","L","R","WSH","SD","S",,,1,1,2024,"-0.28","1.58","-0.49","1.93",,,,0,3,"Bot",,,,,,,1.7381924008266305,-141.6304418694471,-9.624904923717121,-4.1617755959579235,31.609502090429363,-8.903644892834997,"3.43","1.59",,,,"97.6",2614,"6.4",744827,669134,630105,593428,456781,673490,595777,701538,669369,"54.1",,,,,,,,21,3,"4-Seam Fastball",0,3,0,3,3,0,0,3,"Standard","Standard",193,"0","-0.056",,,,"0.056",,-3,-3,"0.224","0.224",28,24,29,24,1,0,5,1,6,1,"0.82","0.28","-0.28","51.7",,,,,
"SL","2024-07-25","87.4","-0.97","6.1","Cease, Dylan",671277,656302,,"swinging_strike",,,,,8,"Luis García Jr. strikes out on a foul tip.","R","L","R","WSH","SD","S",,,1,0,2024,"0.26","0.08","-0.01","1.85",,,,0,3,"Bot",,,,,,,1.7900228522207955,-127.3084639023862,-4.322958109029764,2.5172511977963055,24.125088802750202,-30.688779817640178,"3.49","1.68",,,,"87.7",2789,"6.3",744827,669134,630105,593428,456781,673490,595777,701538,669369,"54.22",,,,,,,,21,2,"Slider",0,3,0,3,3,0,0,3,"Standard","Standard",105,"0","-0.049","78.2","8.3",,"0.049",,-3,-3,"0.224","0.224",28,24,29,24,1,0,5,1,6,1,"2.88","-0.26","0.26","53.2",19.75246289734509,-19.82940014902533,29.627244750615688,39.07234872362112,44.40203382503667
"SL","2024-07-25","86.8","-1.02","6.01","Cease, Dylan",671277,656302,,"ball",,,,,13,"Luis García Jr. strikes out on a foul tip.","R","L","R","WSH","SD","B",,,0,0,2024,"0.31","-0.18","-1.08","2.31",,,,0,3,"Bot",,,,,,,-0.7738551832585021,-126.48469633038297,-2.3631788068397572,3.4781419448037614,23.644286947124634,-33.827403736203344,"3.52","1.74",,,,"87.2",2718,"6.3",744827,669134,630105,593428,456781,673490,595777,701538,669369,"54.24",,,,,,,,21,1,"Slider",0,3,0,3,3,0,0,3,"Standard","Standard",119,"0","0.038",,,,"-0.038",,-3,-3,"0.224","0.224",28,24,29,24,1,0,5,1,6,1,"3.17","-0.31","0.31","52.0",,,,,
"SL","2024-07-25","86.7","-1","5.95","Cease, Dylan",660688,656302,"field_out","hit_into_play",,,,,3,"Keibert Ruiz grounds out softly, pitcher Dylan Cease to first baseman Jake Cronenworth.","R","L","R","WSH","SD","X",1,"ground_ball",1,2,2024,"0.21","-0.21","0.45","2.9",,,,2,2,"Bot",140.15,188.46,,,,,3.0426994307448214,-126.28285665961067,-0.6798221764777028,1.5979294849275567,25.878124714705667,-34.45629385748686,"3.37","1.57",1,"57",-65,"86.7",2812,"6.3",744827,669134,630105,593428,456781,673490,595777,701538,669369,"54.22",0.237,0.182,"0",1,0,0,1,17,4,"Slider",0,3,0,3,3,0,0,3,"Infield shade","Strategic",65,"-0.009","-0.18","69.4","7.5",0.263,"0.18","88.0",-3,-3,"0.204","0.204",28,25,29,26,1,0,5,2,6,1,"3.23","-0.21","0.21","48.0",26.58369819206933,-28.31236016194203,27.972083334308437,27.776592730103452,52.639032723830674
"SL","2024-07-25","87.9","-1","6.01","Cease, Dylan",660688,656302,,"swinging_strike",,,,,14,"Keibert Ruiz grounds out softly, pitcher Dylan Cease to first baseman Jake Cronenworth.","R","L","R","WSH","SD","S",,,1,1,2024,"0.13","0.19","1.11","0.94",,,,2,2,"Bot",,,,,,,4.8371351123844875,-127.81089370426021,-6.530662906450499,0.40070833472965733,26.882817749317244,-28.972850985813793,"3.37","1.57",,,,"87.8",2908,"6.3",744827,669134,630105,593428,456781,673490,595777,701538,669369,"54.17",,,,,,,,17,3,"Slider",0,3,0,3,3,0,0,3,"Infield shade","Strategic",82,"0","-0.064","64.7","8.6",,"0.064",,-3,-3,"0.204","0.204",28,25,29,26,1,0,5,2,6,1,"2.77","-0.13","0.13","55.1",30.60786958159767,-56.626419991635515,41.45883790511469,21.41948434868889,65.41796027685332
"SL","2024-07-25","89","-1.1","6.06","Cease, Dylan",660688,656302,,"ball",,,,,11,"Keibert Ruiz grounds out softly, pitcher Dylan Cease to first baseman Jake Cronenworth.","R","L","R","WSH","SD","B",,,0,1,2024,"0.07","0.19","-1.24","3.86",,,,2,2,"Bot",,,,,,,-0.47725326590609796,-129.74714438773952,0.21720053499669267,0.872827161636561,26.53349042951898,-30.27642690426507,"3.52","1.59",,,,"89.1",2897,"6.2",744827,669134,630105,593428,456781,673490,595777,701538,669369,"54.3",,,,,,,,17,2,"Slider",0,3,0,3,3,0,0,3,"Infield shade","Strategic",105,"0","0.029",,,,"-0.029",,-3,-3,"0.204","0.204",28,25,29,26,1,0,5,2,6,1,"2.67","-0.07","0.07","51.8",,,,,
"FF","2024-07-25","98.4","-0.84","6.24","Cease, Dylan",660688,656302,,"called_strike",,,,,5,"Keibert Ruiz grounds out softly, pitcher Dylan Cease to first baseman Jake Cronenworth.","R","L","R","WSH","SD","S",,,0,0,2024,"-0.13","1.59","-0.26","2.56",,,,2,2,"Bot",,,,,,,1.8610505396853316,-143.14790306577063,-8.180586407281863,-2.168643072262879,33.428775033314395,-8.685362716517064,"3.55","1.59",,,,"98.5",2599,"6.4",744827,669134,630105,593428,456781,673490,595777,701538,669369,"54.12",,,,,,,,17,1,"4-Seam Fastball",0,3,0,3,3,0,0,3,"Infield shade","Standard",190,"0","-0.041",,,,"0.041",,-3,-3,"0.204","0.204",28,25,29,26,1,0,5,2,6,1,"0.77","0.13","-0.13","53.6",,,,,
"FF","2024-07-25","97.9","-0.89","6.15","Cease, Dylan",695578,656302,"strikeout","called_strike",,,,,5,"James Wood called out on strikes.","R","L","R","WSH","SD","S",2,,3,2,2024,"-0.2","1.54","-0.23","2.5",,,,1,2,"Bot",,,,,,,2.2528047946992453,-142.3992677204767,-7.9032837827974,-3.2517382913840063,33.28605024163897,-9.654024191420516,"3.75","1.71",,,,"98",2607,"6.4",744827,669134,630105,593428,456781,673490,595777,701538,669369,"54.1",,0,"0",1,0,0,,16,6,"4-Seam Fastball",0,3,0,3,3,0,0,3,"Infield shade","Standard",190,"-0.015","-0.332",,,,"0.332",,-3,-3,"0.219","0.219",28,21,29,22,1,0,5,1,6,1,"0.85","0.2","-0.2","52.5",,,,,
"SL","2024-07-25","88.2","-1.12","6.01","Cease, Dylan",695578,656302,,"called_strike",,,,,4,"James Wood called out on strikes.","R","L","R","WSH","SD","S",,,3,1,2024,"0.04","0.21","-0.46","2.77",,,,1,2,"Bot",,,,,,,1.5209147953246742,-128.5184848696596,-2.253972919481694,0.1485821945777019,26.686254239208996,-29.605568233040625,"3.66","1.65",,,,"88.3",2729,"6.3",744827,669134,630105,593428,456781,673490,595777,701538,669369,"54.24",,,,,,,,16,5,"Slider",0,3,0,3,3,0,0,3,"Infield shade","Standard",98,"0","-0.092",,,,"0.092",,-3,-3,"0.219","0.219",28,21,29,22,1,0,5,1,6,1,"2.71","-0.04","0.04","52.5",,,,,
"SL","2024-07-25","88.3","-1.03","6.1","Cease, Dylan",695578,656302,,"ball",,,,,1,"James Wood called out on strikes.","R","L","R","WSH","SD","B",,,2,1,2024,"0.03","0.22","-0.62","3.86",,,,1,2,"Bot",,,,,,,0.9359361408004677,-128.71457481182674,0.09985377557092912,0.12827099618674054,25.398101990038516,-29.89594642481714,"3.77","1.67",,,,"88.5",2713,"6.2",744827,669134,630105,593428,456781,673490,595777,701538,669369,"54.27",,,,,,,,16,4,"Slider",0,3,0,3,3,0,0,3,"Infield shade","Standard",96,"0","0.122",,,,"-0.122",,-3,-3,"0.219","0.219",28,21,29,22,1,0,5,1,6,1,"2.68","-0.03","0.03","52.5",,,,,
"FF","2024-07-25","98.6","-1.01","6.26","Cease, Dylan",695578,656302,,"foul",,,,,5,"James Wood called out on strikes.","R","L","R","WSH","SD","S",,,2,0,2024,"-0.03","1.7","0.05","3.04",,,,1,2,"Bot",,,,,,,2.9556675305079723,-143.38050859961874,-7.225795229219441,-1.1836117647592195,36.1248129532088,-7.313422830913477,"3.86","1.78",231,"79.4",49,"98.6",2618,"6.5",744827,669134,630105,593428,456781,673490,595777,701538,669369,"53.98",,,,,,,,16,3,"4-Seam Fastball",0,3,0,3,3,0,0,3,"Infield shade","Standard",190,"0","-0.065","74.7","7.2",,"0.065","88.0",-3,-3,"0.219","0.219",28,21,29,22,1,0,5,1,6,1,"0.67","0.03","-0.03","53.8",0.9721212458556378,8.529054754872627,36.819544445563494,37.53979947268064,20.493349132127996
"SL","2024-07-25","88.2","-0.98","6.17","Cease, Dylan",695578,656302,,"ball",,,,,11,"James Wood called out on strikes.","R","L","R","WSH","SD","B",,,1,0,2024,"0.35","-0.13","-0.88","3.85",,,,1,2,"Bot",,,,,,,-0.5016674733313787,-128.60700687309932,0.632687964669653,3.9979618732973137,24.545800967125828,-33.96192064956738,"3.75","1.71",,,,"88.5",2857,"6.2",744827,669134,630105,593428,456781,673490,595777,701538,669369,"54.32",,,,,,,,16,2,"Slider",0,3,0,3,3,0,0,3,"Infield shade","Standard",104,"0","0.072",,,,"-0.072",,-3,-3,"0.219","0.219",28,21,29,22,1,0,5,1,6,1,"3.03","-0.35","0.35","50.8",,,,,
"KC","2024-07-25","81.3","-0.77","6.13","Cease, Dylan",695578,656302,,"ball",,,,,13,"James Wood called out on strikes.","R","L","R","WSH","SD","B",,,0,0,2024,"0.11","-1.11","-0.13","0.92",,,,1,2,"Bot",,,,,,,1.2074193199319545,-118.38865744522124,-2.8946430143968875,0.7910530251976672,24.018353883766007,-42.235119491834176,"3.89","1.82",,,,"81.1",2531,"6.2",744827,669134,630105,593428,456781,673490,595777,701538,669369,"54.26",,,,,,,,16,1,"Knuckle Curve",0,3,0,3,3,0,0,3,"Infield shade","Standard",17,"0","0.039",,,,"-0.039",,-3,-3,"0.219","0.219",28,21,29,22,1,0,5,1,6,1,"4.57","-0.11","0.11","56.1",,,,,
"SL","2024-07-25","87.4","-0.68","6.17","Cease, Dylan",660766,656302,"field_out","hit_into_play",,,,,9,"Juan Yepez grounds out, third baseman Donovan Solano to first baseman Jake Cronenworth.","R","R","R","WSH","SD","X",5,"ground_ball",0,0,2024,"0.1","0.17","0.65","1.76",,,,0,2,"Bot",99.99,162.09,,,,,3.0043466991293277,-127.33648996677617,-4.894794374906169,0.5050873157963224,24.576155549202877,-29.53412231978124,"3.45","1.68",14,"77",-6,"87.8",2800,"6.3",744827,669134,630105,593428,456781,673490,595777,701538,669369,"54.18",0.097,0.08,"0",1,0,0,2,15,1,"Slider",0,3,0,3,3,0,0,3,"Standard","Standard",100,"-0.022","-0.254","67.9","8.2",0.118,"0.254","88.0",-3,-3,"0.241","0.241",28,26,29,26,1,0,5,1,6,1,"2.79","-0.1","-0.1","55.8",12.807599124415837,-11.444561014566128,29.134817849442282,40.89998673824896,35.58230423114899
"SL","2024-07-25","88.7","-0.86","6.01","Cease, Dylan",608385,656302,"strikeout","swinging_strike_blocked",,,,,14,"Jesse Winker strikes out swinging.","R","L","R","WSH","SD","S",2,,2,2,2024,"0.35","-0.01","0.41","-0.31",,,,2,1,"Bot",,,,,,,2.3689205930418793,-128.9718197521423,-9.435105286383942,3.508236044835284,24.51265500229268,-30.70211626546248,"3.46","1.63",,,,"89.1",3028,"6.4",744827,669134,630105,593428,456781,673490,595777,701538,669369,"54.12",,0,"0",1,0,0,,10,5,"Slider",0,3,0,3,3,0,0,3,"Infield shade","Standard",103,"-0.009","-0.219","31.8","6.9",,"0.219",,-3,-3,"0.221","0.221",28,30,29,31,1,0,5,1,6,1,"2.89","-0.35","0.35","50.2",6.391554052363458,11.43608107788166,34.99765076557994,33.079815159841004,24.22477602728263
"FF","2024-07-25","97","-1.05","6.17","Cease, Dylan",608385,656302,,"ball",,,,,14,"Jesse Winker strikes out swinging.","R","L","R","WSH","SD","B",,,1,2,2024,"-0.09","1.64","1.18","1.07",,,657041,1,1,"Bot",,,,,,,6.14988157031199,-140.6523610870645,-11.792361357841525,-2.5818357042575384,32.5931813258662,-7.902807350546157,"3.47","1.65",,,,"96.9",2773,"6.5",744827,669134,630105,593428,456781,673490,595777,701538,669369,"54.02",,,,,,,,10,4,"4-Seam Fastball",0,3,0,3,3,0,0,3,"Infield shade","Standard",191,"-0.037","0.048",,,,"-0.048",,-3,-3,"0.258","0.258",28,30,29,31,1,0,5,1,6,1,"0.81","0.09","-0.09","50.6",,,,,
"FF","2024-07-25","97.3","-1.22","6.16","Cease, Dylan",608385,656302,,"called_strike",,,,,8,"Jesse Winker strikes out swinging.","R","L","R","WSH","SD","S",,,1,1,2024,"-0.07","1.47","0.04","1.63",,,657041,1,1,"Bot",,,,,,,3.5378437767608086,-141.34227024533553,-10.02026049749132,-1.7007961866737304,32.60470901909413,-10.330620424491041,"3.39","1.54",,,,"97.5",2655,"6.5",744827,669134,630105,593428,456781,673490,595777,701538,669369,"53.99",,,,,,,,10,3,"4-Seam Fastball",0,3,0,3,3,0,0,3,"Infield shade","Standard",196,"0","-0.059",,,,"0.059",,-3,-3,"0.258","0.258",28,30,29,31,1,0,5,1,6,1,"0.95","0.07","-0.07","50.3",,,,,
"FF","2024-07-25","96.1","-1.14","6.27","Cease, Dylan",608385,656302,,"ball",,,,,12,"Jesse Winker strikes out swinging.","R","L","R","WSH","SD","B",,,0,1,2024,"0","1.51","1.4","3.74",,,657041,1,1,"Bot",,,,,,,6.728445239065308,-139.72315196003512,-4.507910953014298,-1.4725716097314212,31.77824599916488,-11.539179503086846,"3.42","1.61",,,,"96.2",2594,"6.4",744827,669134,630105,593428,456781,673490,595777,701538,669369,"54.11",,,,,,,,10,2,"4-Seam Fastball",0,3,0,3,3,0,0,3,"Infield shade","Standard",190,"0","0.029",,,,"-0.029",,-3,-3,"0.258","0.258",28,30,29,31,1,0,5,1,6,1,"0.96","0","0","54.8",,,,,
"KC","2024-07-25","80.7","-0.89","6.14","Cease, Dylan",608385,656302,,"called_strike",,,,,9,"Jesse Winker strikes out swinging.","R","L","R","WSH","SD","S",,,0,0,2024,"0.05","-0.94","0.58","1.98",,,657041,1,1,"Bot",,,,,,,3.1921908094423093,-117.5952886508803,-0.8223009670590412,-0.1209234975380734,22.164760581218616,-40.95599025287063,"3.42","1.58",,,,"81.2",2626,"6.6",744827,669134,630105,593428,456781,673490,595777,701538,669369,"53.93",,,,,,,,10,1,"Knuckle Curve",0,3,0,3,3,0,0,3,"Infield shade","Standard",22,"0","-0.04",,,,"0.04",,-3,-3,"0.258","0.258",28,30,29,31,1,0,5,1,6,1,"4.43","-0.05","0.05","57.4",,,,,
"FF","2024-07-25","97.3","-0.55","6.26","Cease, Dylan",657041,656302,"walk","ball",,,,,14,"Lane Thomas walks.","R","R","R","WSH","SD","B",,,3,1,2024,"-0.13","1.56","0.94","1.54",,,,1,1,"Bot",,,,,,,4.32763643662429,-141.30991817524864,-10.714089937133718,-2.7865752468550604,31.969375953579064,-8.984248420987498,"3.23","1.51",,,,"97.5",2685,"6.5",744827,669134,630105,593428,456781,673490,595777,701538,669369,"54.02",,0.689131,"0.7",1,0,0,,9,5,"4-Seam Fastball",0,3,0,3,3,0,0,3,"Standard","Standard",193,"0.023","0.256",,,,"-0.256",,-3,-3,"0.235","0.235",28,28,29,29,1,0,5,1,6,1,"0.85","0.13","0.13","55.2",,,,,
"FF","2024-07-25","97.4","-0.56","6.25","Cease, Dylan",657041,656302,,"ball",,,,,14,"Lane Thomas walks.","R","R","R","WSH","SD","B",,,2,1,2024,"-0.14","1.62","0.6","1.11",,,,1,1,"Bot",,,,,,,3.452004238860667,-141.4474962258726,-12.065299048396021,-2.61835027769228,30.429329174115438,-7.866561641331936,"3.27","1.62",,,,"98",2671,"6.6",744827,669134,630105,593428,456781,673490,595777,701538,669369,"53.88",,,,,,,,9,4,"4-Seam Fastball",0,3,0,3,3,0,0,3,"Standard","Standard",188,"0","0.122",,,,"-0.122",,-3,-3,"0.235","0.235",28,28,29,29,1,0,5,1,6,1,"0.78","0.14","0.14","60.2",,,,,
"SL","2024-07-25","87.7","-0.73","6.11","Cease, Dylan",657041,656302,,"called_strike",,,,,9,"Lane Thomas walks.","R","R","R","WSH","SD","S",,,2,0,2024,"0.31","0.18","0.69","1.42",,,,1,1,"Bot",,,,,,,2.8221313571099857,-127.78659858575459,-5.728582842119662,2.9384121694595575,23.14965628243567,-29.280276714475253,"3.24","1.41",,,,"88.6",2903,"6.5",744827,669134,630105,593428,456781,673490,595777,701538,669369,"54",,,,,,,,9,3,"Slider",0,3,0,3,3,0,0,3,"Standard","Standard",113,"0","-0.065",,,,"0.065",,-3,-3,"0.235","0.235",28,28,29,29,1,0,5,1,6,1,"2.74","-0.31","-0.31","59.7",,,,,
"SL","2024-07-25","86.6","-0.86","6.1","Cease, Dylan",657041,656302,,"ball",,,,,8,"Lane Thomas walks.","R","R","R","WSH","SD","B",,,1,0,2024,"-0.09","0.21","0.21","1.47",,,,1,1,"Bot",,,,,,,2.7427294557750503,-126.11282634641039,-5.3245224636623485,-1.4377046870228531,24.188090405641713,-29.073266980775983,"3.19","1.37",,,,"87.1",2795,"6.4",744827,669134,630105,593428,456781,673490,595777,701538,669369,"54.09",,,,,,,,9,2,"Slider",0,3,0,3,3,0,0,3,"Standard","Standard",88,"0","0.072",,,,"-0.072",,-3,-3,"0.235","0.235",28,28,29,29,1,0,5,1,6,1,"2.81","0.09","0.09","54.8",,,,,
"FF","2024-07-25","97.3","-0.5","6.31","Cease, Dylan",657041,656302,,"ball",,,,,12,"Lane Thomas walks.","R","R","R","WSH","SD","B",,,0,0,2024,"-0.08","1.5","1.67","2.67",,,,1,1,"Bot",,,,,,,6.013234448964205,-141.40437451942967,-7.691608259996023,-2.4962149664213396,32.304124276157786,-10.464763220966626,"3.31","1.6",,,,"97.4",2587,"6.4",744827,669134,630105,593428,456781,673490,595777,701538,669369,"54.09",,,,,,,,9,1,"4-Seam Fastball",0,3,0,3,3,0,0,3,"Standard","Standard",188,"0","0.039",,,,"-0.039",,-3,-3,"0.235","0.235",28,28,29,29,1,0,5,1,6,1,"0.91","0.08","0.08","58.3",,,,,
"SL","2024-07-25","87.1","-0.92","6.19","Cease, Dylan",682928,656302,"strikeout","foul_tip",,,,,11,"CJ Abrams strikes out on a foul tip.","R","L","R","WSH","SD","S",2,,2,2,2024,"-0.11","0.15","-1.04","2.81",,,,0,1,"Bot",,,,,,,-0.07506699903417362,-126.90051553318055,-2.2920552041929714,-1.1704294686504504,24.619437016974686,-30.356969000134477,"3.54","1.6",,,,"87.3",2798,"6.2",744827,669134,630105,593428,456781,673490,595777,701538,669369,"54.27",,0,"0",1,0,0,,8,6,"Slider",0,3,0,3,3,0,0,3,"Infield shade","Standard",61,"-0.02","-0.227","70.8","7.7",,"0.227",,-3,-3,"0.255","0.255",28,23,29,24,1,0,5,1,6,1,"2.84","0.11","-0.11","49.3",19.751056745093422,-3.939710113082865,24.842289428028337,49.848354674383025,29.656955654608307
"SL","2024-07-25","86.6","-0.98","5.97","Cease, Dylan",682928,656302,,"ball",,,,,14,"CJ Abrams strikes out on a foul tip.","R","L","R","WSH","SD","B",,,1,2,2024,"0.27","0.25","1.49","0.62",,,,0,1,"Bot",,,,,,,5.368038868556628,-126.05001043665841,-7.163408044616261,1.9084289841660882,22.884334850219037,-28.327263008145223,"3.55","1.63",,,,"87.2",2837,"6.4",744827,669134,630105,593428,456781,673490,595777,701538,669369,"54.08",,,,,,,,8,5,"Slider",0,3,0,3,3,0,0,3,"Infield shade","Standard",74,"0","0.04",,,,"-0.04",,-3,-3,"0.255","0.255",28,23,29,24,1,0,5,1,6,1,"2.76","-0.27","0.27","51.9",,,,,
"KC","2024-07-25","80.6","-0.8","6.03","Cease, Dylan",682928,656302,,"foul",,,,,2,"CJ Abrams strikes out on a foul tip.","R","L","R","WSH","SD","S",,,1,2,2024,"0.32","-1.2","-0.03","3.06",,,,0,1,"Bot",,,,,,,1.1048622988687762,-117.26668378121467,2.385487617950649,2.7127854863661636,24.003593248770922,-43.869511503036115,"3.54","1.6",3,"74.7",-46,"80.2",2634,"6.2",744827,669134,630105,593428,456781,673490,595777,701538,669369,"54.26",,,,,,,,8,4,"Knuckle Curve",0,3,0,3,3,0,0,3,"Infield shade","Standard",27,"0","0","72.6","6.9",,"0","88.0",-3,-3,"0.255","0.255",28,23,29,24,1,0,5,1,6,1,"4.73","-0.32","0.32","52.9",17.83818333275056,-7.39219565158274,21.249095837651552,38.29903499936257,35.16227373830307
"FF","2024-07-25","96.6","-0.74","6.29","Cease, Dylan",682928,656302,,"foul",,,,,12,"CJ Abrams strikes out on a foul tip.","R","L","R","WSH","SD","S",,,1,1,2024,"-0.14","1.48","0.42","3.83",,,,0,1,"Bot",,,,,,,3.4264554605640556,-140.6650782508191,-4.3724553531205705,-2.6126889889241505,31.779811451873034,-11.776411673591932,"3.54","1.6",267,"77.7",42,"96.9",2508,"6.4",744827,669134,630105,593428,456781,673490,595777,701538,669369,"54.09",,,,,,,,8,3,"4-Seam Fastball",0,3,0,3,3,0,0,3,"Infield shade","Standard",184,"0","-0.056","69.3","6.5",,"0.056","88.0",-3,-3,"0.255","0.255",28,23,29,24,1,0,5,1,6,1,"0.96","0.14","-0.14","55.8",15.40450888802983,-2.182469899757812,19.681855576577167,33.28443207854248,25.85992735347056
"SL","2024-07-25","86.1","-0.86","6.14","Cease, Dylan",682928,656302,,"foul",,,,,8,"CJ Abrams strikes out on a foul tip.","R","L","R","WSH","SD","S",,,1,0,2024,"0.15","0.01","-0.18","1.78",,,,0,1,"Bot",,,,,,,1.3040380172411794,-125.35247796035422,-4.145766144711919,1.3321714564252194,25.008870554755283,-31.42967739898658,"3.54","1.6",,,,"86.2",2779,"6.3",744827,669134,630105,593428,456781,673490,595777,701538,669369,"54.22",,,,,,,,8,2,"Slider",0,3,0,3,3,0,0,3,"Infield shade","Standard",86,"0","-0.049","52.3","7.7",,"0.049",,-3,-3,"0.255","0.255",28,23,29,24,1,0,5,1,6,1,"3.06","-0.15","0.15","56.9",13.886479344905027,-17.770766582224706,27.14086549196278,41.636504612471704,42.269509395644974
"SL","2024-07-25","84.3","-0.98","6.18","Cease, Dylan",682928,656302,,"ball",,,,,13,"CJ Abrams strikes out on a foul tip.","R","L","R","WSH","SD","B",,,0,0,2024,"0.18","-0.03","-1.37","2.31",,,,0,1,"Bot",,,,,,,-1.2537579483455932,-122.82352207582586,-2.5657418606508484,2.0580745239690077,23.765654534495564,-32.23868205052074,"3.54","1.57",,,,"84.4",2765,"6.3",744827,669134,630105,593428,456781,673490,595777,701538,669369,"54.23",,,,,,,,8,1,"Slider",0,3,0,3,3,0,0,3,"Standard","Standard",86,"0","0.038",,,,"-0.038",,-3,-3,"0.255","0.255",28,23,29,24,1,0,5,1,6,1,"3.23","-0.18","0.18","54.3",,,,,